date,source,image_id,pre_post,aoi_cloud_pct,tile_cloud_pct,NDVI_mean,NDVI_std,NDVI_min,NDVI_max,NDVI_p10,NDVI_p25,NDVI_p50,NDVI_p75,NDVI_p90,NDWI_mean,NDWI_std,NDWI_min,NDWI_max,NDWI_p10,NDWI_p25,NDWI_p50,NDWI_p75,NDWI_p90,NDMI_mean,NDMI_std,NDMI_min,NDMI_max,NDMI_p10,NDMI_p25,NDMI_p50,NDMI_p75,NDMI_p90,BSI_mean,BSI_std,BSI_min,BSI_max,BSI_p10,BSI_p25,BSI_p50,BSI_p75,BSI_p90,EVI_mean,EVI_std,EVI_min,EVI_max,EVI_p10,EVI_p25,EVI_p50,EVI_p75,EVI_p90,chirps_30d_mm,flags,mgrs_tile,orbit_number,processing_baseline,avg_rad_mean,avg_rad_std,avg_rad_min,avg_rad_max,avg_rad_p10,avg_rad_p25,avg_rad_p50,avg_rad_p75,avg_rad_p90
2019-01-01,viirs,20190101,PRE,0.0,,,,,,,,,,,,,,,,,,,,,,,,,,,,,,,,,,,,,,,,,,,,,,,171.283,PRE_INTERVENTION,,,,0.299168,0.187474,0.11,0.85,0.19,0.2,0.29,0.34,0.52
2019-01-02,sentinel2,20190102T075321_20190102T075634_T36NXF,PRE,0.0,0.699719,0.617398,0.095696,0.207499,0.861369,0.486336,0.556665,0.631013,0.689323,0.728418,-0.584651,0.056124,-0.802727,-0.253532,-0.654222,-0.619148,-0.58777,-0.552868,-0.513681,0.117277,0.074779,-0.182624,0.436378,0.021623,0.068199,0.11913,0.165927,0.208814,-0.03341,0.077,-0.362728,0.218256,-0.126942,-0.087972,-0.036932,0.017543,0.064697,1.60993,0.380327,0.364213,4.230625,1.102001,1.35132,1.632631,1.898137,2.085996,166.558,PRE_INTERVENTION,36NXF,135.0,05.00,,,,,,,,,
2019-01-07,sentinel2,20190107T075319_20190107T080915_T36NXF,PRE,0.0,1.535161,0.595784,0.103509,0.195447,0.861045,0.454973,0.525425,0.607427,0.673742,0.720736,-0.579371,0.059519,-0.79582,-0.278094,-0.650337,-0.619163,-0.584011,-0.541058,-0.501954,0.087341,0.082627,-0.213057,0.451265,-0.017692,0.033277,0.0879,0.138569,0.189338,-0.014687,0.08401,-0.392552,0.262191,-0.119209,-0.072251,-0.013575,0.040976,0.091642,1.548681,0.42078,0.316602,2.688356,0.992686,1.241262,1.555024,1.883451,2.101833,139.879,PRE_INTERVENTION,36NXF,135.0,02.11,,,,,,,,,
2019-01-12,sentinel2,20190112T075301_20190112T075614_T36NXF,PRE,0.0,10.332992,0.552357,0.107393,0.15707,0.828951,0.408236,0.474866,0.55657,0.638565,0.68935,-0.559387,0.061421,-0.773371,-0.208564,-0.634567,-0.599575,-0.564504,-0.517577,-0.478524,0.066402,0.077308,-0.247187,0.394312,-0.029108,0.013734,0.06439,0.115132,0.165903,0.012097,0.079054,-0.320499,0.257654,-0.091682,-0.040925,0.017631,0.068319,0.111381,1.289464,0.37269,0.301439,3.357214,0.804934,1.008323,1.273325,1.570897,1.805474,76.422,PRE_INTERVENTION,36NXF,135.0,02.11,,,,,,,,,
2019-01-17,sentinel2,20190117T075249_20190117T080836_T36NXF,PRE,0.0,4.038922,0.560781,0.115546,0.176634,0.855107,0.404442,0.478586,0.568346,0.650456,0.705036,-0.558512,0.066018,-0.791129,-0.245784,-0.638795,-0.599662,-0.560493,-0.517652,-0.474524,0.052939,0.089268,-0.277191,0.428999,-0.060487,-0.001931,0.052712,0.111267,0.162049,0.029728,0.089205,-0.358621,0.294102,-0.08415,-0.029269,0.033158,0.087949,0.142517,1.386853,0.43254,0.255189,3.751107,0.820506,1.054954,1.36734,1.727036,1.992442,36.491,PRE_INTERVENTION,36NXF,135.0,02.11,,,,,,,,,
2019-01-22,sentinel2,20190122T075221_20190122T075539_T36NXF,PRE,0.0,0.175152,0.591759,0.099409,0.184804,0.842782,0.455143,0.529372,0.603492,0.666015,0.709072,-0.564836,0.057121,-0.781838,-0.229766,-0.634731,-0.599562,-0.568433,-0.52927,-0.490352,0.102915,0.082152,-0.228445,0.442013,-0.002028,0.056548,0.107309,0.154345,0.19723,-0.01499,0.084229,-0.356304,0.29048,-0.115233,-0.072385,-0.021482,0.037026,0.095489,1.504937,0.384655,0.328835,4.251358,0.991895,1.227008,1.523497,1.805015,1.9916,39.72,PRE_INTERVENTION,36NXF,135.0,02.11,,,,,,,,,
2019-01-27,sentinel2,20190127T075209_20190127T080616_T36NXF,PRE,12.34,25.275155,0.527447,0.101077,0.192316,0.773093,0.388595,0.462721,0.537041,0.603424,0.650358,-0.529236,0.060213,-0.725236,-0.289012,-0.600566,-0.569404,-0.534097,-0.493257,-0.448302,0.052636,0.078071,-0.214987,0.367412,-0.048942,0.002007,0.056678,0.107467,0.146435,0.011748,0.075813,-0.293797,0.228207,-0.083951,-0.041109,0.009816,0.064292,0.111189,1.435842,0.414139,0.327807,3.661331,0.89994,1.132942,1.429885,1.742348,2.006963,31.951,PRE_INTERVENTION,36NXF,135.0,02.11,,,,,,,,,
2019-02-01,sentinel2,20190201T075141_20190201T080139_T36NXF,PRE,0.0,0.033922,0.483539,0.114849,0.158477,0.79154,0.330053,0.400644,0.482508,0.572263,0.63475,-0.518781,0.068179,-0.750067,-0.245273,-0.603594,-0.564294,-0.521564,-0.474661,-0.427653,0.0061,0.082694,-0.271623,0.335166,-0.099663,-0.048732,0.001856,0.060514,0.111376,0.067848,0.079167,-0.257578,0.279117,-0.037038,0.017488,0.07234,0.123158,0.165937,1.136068,0.376944,0.266961,2.187813,0.660043,0.847712,1.105347,1.417821,1.668011,19.06,PRE_INTERVENTION,36NXF,135.0,05.00,,,,,,,,,
2019-02-01,viirs,20190201,PRE,0.0,,,,,,,,,,,,,,,,,,,,,,,,,,,,,,,,,,,,,,,,,,,,,,,19.06,PRE_INTERVENTION,,,,0.440009,0.15819,0.23,0.84,0.3,0.35,0.39,0.48,0.65
2019-02-06,sentinel2,20190206T075109_20190206T080454_T36NXF,PRE,0.0,39.857907,0.442857,0.114519,0.142686,0.794252,0.294788,0.357444,0.435524,0.529261,0.599486,-0.493447,0.070184,-0.755423,-0.251408,-0.580036,-0.540818,-0.49412,-0.447172,-0.400387,-0.025932,0.083229,-0.299325,0.369156,-0.127037,-0.083865,-0.033325,0.029238,0.0839,0.098,0.077566,-0.291982,0.296908,-0.005944,0.04877,0.107408,0.154247,0.189488,1.031613,0.373621,0.239769,2.314496,0.570598,0.742412,0.976067,1.305226,1.57056,17.388,PRE_INTERVENTION,36NXF,135.0,02.11,,,,,,,,,
2019-02-21,sentinel2,20190221T074931_20190221T075527_T36NXF,PRE,30.23,39.913136,0.359667,0.106159,-0.010437,0.688198,0.228066,0.279248,0.353357,0.439672,0.505636,-0.409091,0.08219,-0.644846,-0.100642,-0.49804,-0.466758,-0.415973,-0.361411,-0.306612,-0.047326,0.071866,-0.237664,0.241599,-0.139678,-0.098672,-0.049833,-0.001001,0.043842,0.11626,0.068918,-0.156943,0.346008,0.021542,0.068406,0.12304,0.170031,0.201435,0.866691,5.069946,-212.2,139.861111,0.968033,0.968033,0.968033,0.968033,0.968033,29.425,PRE_INTERVENTION,36NXF,135.0,02.11,,,,,,,,,
2019-02-26,sentinel2,20190226T074859_20190226T080814_T36NXF,PRE,0.0,1.42259,0.440164,0.115778,0.164522,0.821162,0.2875,0.353714,0.435564,0.525237,0.587915,-0.485705,0.070457,-0.762872,-0.253724,-0.576125,-0.529332,-0.486201,-0.435511,-0.392708,-0.055503,0.092282,-0.333715,0.35934,-0.173863,-0.119145,-0.056633,0.005759,0.060609,0.116047,0.083788,-0.298973,0.318504,0.006098,0.060389,0.122989,0.17778,0.220525,1.058801,0.394074,0.238832,7.155745,0.578971,0.765386,1.015888,1.328088,1.578915,101.107,PRE_INTERVENTION,36NXF,135.0,02.11,,,,,,,,,
2019-03-01,viirs,20190301,PRE,0.0,,,,,,,,,,,,,,,,,,,,,,,,,,,,,,,,,,,,,,,,,,,,,,,101.107,PRE_INTERVENTION,,,,0.386313,0.128171,0.19,0.71,0.29,0.32,0.38,0.46,0.51
2019-03-03,sentinel2,20190303T074821_20190303T080235_T36NXF,PRE,2.89,9.218931,0.44729,0.120704,0.040354,0.785871,0.283357,0.361269,0.45132,0.537169,0.595631,-0.485056,0.091569,-0.754169,-0.040662,-0.587958,-0.537293,-0.494253,-0.443306,-0.388598,0.002733,0.083278,-0.283475,0.357478,-0.107462,-0.04884,0.005952,0.05662,0.10751,0.094182,0.080149,-0.251419,0.338515,-0.005955,0.037137,0.091896,0.146363,0.20509,0.969814,2.433048,-125.555556,164.852941,0.954324,0.954324,0.954324,0.954324,0.954324,116.78,PRE_INTERVENTION,36NXF,135.0,02.11,,,,,,,,,
2019-03-08,sentinel2,20190308T074749_20190308T080419_T36NXF,PRE,8.06,22.869967,0.385828,0.122728,0.044747,0.826451,0.232721,0.287096,0.380736,0.478432,0.544897,-0.426502,0.096434,-0.765538,-0.078216,-0.533197,-0.490188,-0.435529,-0.373088,-0.302728,-0.05684,0.086923,-0.325182,0.358161,-0.177576,-0.111382,-0.044847,-0.002055,0.041074,0.123699,0.080995,-0.285188,0.356587,0.025557,0.068339,0.123153,0.185431,0.232264,1.005701,10.915255,-800.625,285.238095,1.153533,1.153533,1.153533,1.153533,1.153533,194.33,PRE_INTERVENTION,36NXF,135.0,02.11,,,,,,,,,
2019-03-13,sentinel2,20190313T074711_20190313T080640_T36NXF,PRE,0.0,0.212103,0.390324,0.108435,0.152483,0.786959,0.247987,0.302681,0.388698,0.47071,0.53722,-0.459604,0.068575,-0.748625,-0.225293,-0.544803,-0.509764,-0.462923,-0.408189,-0.365158,-0.086146,0.076588,-0.347588,0.284012,-0.189441,-0.134724,-0.08395,-0.037066,0.005925,0.154007,0.065485,-0.198764,0.322183,0.072226,0.111225,0.158234,0.201233,0.236331,0.867681,0.316258,0.216668,2.237136,0.492196,0.617725,0.836331,1.085885,1.320182,201.963,PRE_INTERVENTION,36NXF,135.0,05.00,,,,,,,,,
2019-03-18,sentinel2,20190318T074639_20190318T080921_T36NXF,PRE,0.0,4.234091,0.410184,0.113988,0.151295,0.81061,0.259684,0.318318,0.408307,0.498093,0.564124,-0.47231,0.071367,-0.768245,-0.249814,-0.56045,-0.521478,-0.474617,-0.419841,-0.377023,-0.087172,0.081171,-0.351555,0.321579,-0.197152,-0.138606,-0.084051,-0.033222,0.009866,0.144629,0.070643,-0.261623,0.336096,0.052685,0.099655,0.146466,0.197269,0.232455,0.930417,0.348121,0.213086,2.351092,0.507588,0.664013,0.898237,1.179417,1.413915,193.726,PRE_INTERVENTION,36NXF,135.0,02.11,,,,,,,,,
2019-03-23,sentinel2,20190323T074611_20190323T080452_T36NXF,PRE,0.0,0.013716,0.378762,0.105106,0.14279,0.776829,0.244032,0.295104,0.37309,0.455183,0.521589,-0.456651,0.068495,-0.745526,-0.204906,-0.540691,-0.505888,-0.458939,-0.404239,-0.365303,-0.094855,0.070587,-0.313561,0.269289,-0.18943,-0.13868,-0.09168,-0.048764,-0.009977,0.16344,0.059151,-0.187413,0.322753,0.087794,0.127036,0.165953,0.205093,0.236315,0.811535,0.292485,0.199362,2.033873,0.457506,0.590193,0.7775,1.011547,1.215002,172.537,PRE_INTERVENTION,36NXF,135.0,05.00,,,,,,,,,
2019-03-28,sentinel2,20190328T074839_20190328T080155_T36NXF,PRE,0.0,15.247992,0.480535,0.110108,0.161214,0.876887,0.329918,0.408241,0.486428,0.556641,0.611305,-0.509906,0.063872,-0.817192,-0.250149,-0.587896,-0.548737,-0.509794,-0.466806,-0.427737,-0.002462,0.085625,-0.352097,0.390278,-0.11554,-0.052923,0.005817,0.052621,0.095785,0.089742,0.080709,-0.316361,0.384373,-0.005786,0.037002,0.083968,0.142552,0.197126,1.139996,0.387856,0.217614,5.305707,0.640584,0.860041,1.140126,1.421884,1.6417,139.521,PRE_INTERVENTION,36NXF,135.0,02.11,,,,,,,,,
2019-04-01,viirs,20190401,PRE,0.0,,,,,,,,,,,,,,,,,,,,,,,,,,,,,,,,,,,,,,,,,,,,,,,147.254,PRE_INTERVENTION,,,,0.546682,0.215965,0.31,1.19,0.39,0.45,0.57,0.63,0.69
2019-04-12,sentinel2,20190412T074611_20190412T080028_T36NXF,PRE,0.0,5.595738,0.479148,0.117188,0.138686,0.845449,0.31842,0.400277,0.48636,0.560624,0.623131,-0.514079,0.068092,-0.791284,-0.221031,-0.599779,-0.55659,-0.513666,-0.470626,-0.423766,-0.014545,0.083583,-0.291487,0.321278,-0.122966,-0.068365,-0.01366,0.040948,0.087779,0.101202,0.079437,-0.246456,0.317629,0.002036,0.048974,0.10357,0.154385,0.204918,1.06355,0.361623,0.179897,2.36711,0.58582,0.804652,1.070136,1.336026,1.524067,91.258,PRE_INTERVENTION,36NXF,135.0,02.11,,,,,,,,,
2019-05-01,viirs,20190501,PRE,0.0,,,,,,,,,,,,,,,,,,,,,,,,,,,,,,,,,,,,,,,,,,,,,,,245.56,PRE_INTERVENTION,,,,0.655351,0.248028,0.44,1.42,0.45,0.55,0.62,0.73,0.88
2019-05-02,sentinel2,20190502T074621_20190502T080204_T36NXF,PRE,0.76,34.585644,0.530897,0.116745,0.173016,0.807089,0.369245,0.454992,0.545007,0.615255,0.669756,-0.531316,0.071491,-0.735991,-0.235663,-0.619085,-0.580163,-0.533322,-0.486275,-0.435513,0.066162,0.082613,-0.222339,0.330989,-0.037087,0.013738,0.068548,0.123044,0.170013,0.024949,0.080763,-0.238763,0.268886,-0.079866,-0.029383,0.025552,0.080157,0.13072,1.327431,0.412364,0.274685,2.594862,0.742073,1.039459,1.366911,1.647518,1.836804,237.708,PRE_INTERVENTION,36NXF,135.0,02.11,,,,,,,,,
2019-05-07,sentinel2,20190507T074619_20190507T080526_T36NXF,PRE,0.0,10.937658,0.571972,0.134113,0.155382,0.875795,0.380704,0.482604,0.591785,0.669973,0.732451,-0.563035,0.085311,-0.820106,-0.174804,-0.66611,-0.619167,-0.568485,-0.51356,-0.451338,0.071577,0.094344,-0.275497,0.399714,-0.048683,0.013726,0.072343,0.134536,0.189155,0.009601,0.094913,-0.328364,0.291629,-0.11144,-0.052704,0.009746,0.068247,0.134658,1.563531,6.478479,-40.250965,644.0625,1.476098,1.476098,1.476098,1.476098,1.476098,285.179,PRE_INTERVENTION,36NXF,135.0,02.12,,,,,,,,,
2019-05-17,sentinel2,20190517T074619_20190517T075858_T36NXF,PRE,0.0,14.739789,0.639087,0.10438,0.220201,0.85751,0.497834,0.583899,0.654309,0.712865,0.759832,-0.595201,0.063574,-0.779904,-0.28808,-0.674863,-0.639736,-0.596784,-0.55564,-0.514448,0.147436,0.087076,-0.209132,0.396985,0.040878,0.091765,0.150327,0.20904,0.255807,-0.067697,0.090301,-0.337098,0.244329,-0.181766,-0.131053,-0.068298,-0.013497,0.048827,1.825505,0.46268,0.345862,4.575758,1.171367,1.516149,1.922917,2.172629,2.359082,319.465,PRE_INTERVENTION,36NXF,135.0,02.12,,,,,,,,,
2019-05-22,sentinel2,20190522T074621_20190522T080757_T36NXF,PRE,6.5,13.800843,0.619442,0.111999,0.119704,0.841498,0.470567,0.564648,0.638794,0.697281,0.744141,-0.566894,0.081877,-0.754742,-0.164335,-0.654275,-0.619244,-0.580139,-0.529452,-0.46667,0.203824,0.074965,-0.103546,0.417174,0.111227,0.158187,0.209106,0.255787,0.294851,-0.104822,0.081977,-0.342506,0.256688,-0.205127,-0.162065,-0.111473,-0.056692,-0.001968,2.213765,26.691168,-122.916667,2612.5,1.945588,1.945588,1.945588,1.945588,1.945588,341.275,PRE_INTERVENTION,36NXF,135.0,02.12,,,,,,,,,
2019-05-27,sentinel2,20190527T074619_20190527T080335_T36NXF,PRE,0.0,20.755252,0.689875,0.103824,0.200424,0.901863,0.548759,0.642664,0.704979,0.763802,0.802652,-0.624063,0.066075,-0.806318,-0.299468,-0.705257,-0.669877,-0.626931,-0.583957,-0.541118,0.199475,0.085901,-0.166472,0.457891,0.095687,0.150394,0.205022,0.259636,0.302674,-0.113505,0.092689,-0.389679,0.230513,-0.224632,-0.17779,-0.11919,-0.060538,0.001801,2.005355,0.467958,0.306826,10.778816,1.345956,1.718433,2.094313,2.343485,2.53077,292.584,PRE_INTERVENTION,36NXF,135.0,02.12,,,,,,,,,
2019-06-01,sentinel2,20190601T074611_20190601T080825_T36NXF,PRE,13.75,53.068604,0.496413,0.127261,0.010239,0.884058,0.341673,0.400314,0.482537,0.583855,0.677842,-0.443894,0.111375,-0.788632,-0.146899,-0.603451,-0.52151,-0.435572,-0.353305,-0.306678,0.193035,0.055811,-0.151694,0.419337,0.130706,0.154328,0.185541,0.224597,0.267763,-0.099338,0.070521,-0.412787,0.45167,-0.185505,-0.134679,-0.095738,-0.060572,-0.029422,0.636833,124.345329,-9920.0,1226.25,-10.986711,4.049998,4.049998,4.049998,4.049998,270.142,PRE_INTERVENTION,36NXF,135.0,02.12,,,,,,,,,
2019-06-01,viirs,20190601,PRE,0.0,,,,,,,,,,,,,,,,,,,,,,,,,,,,,,,,,,,,,,,,,,,,,,,270.142,PRE_INTERVENTION,,,,0.479197,0.152508,0.2,0.86,0.23,0.39,0.47,0.55,0.7
2019-06-06,sentinel2,20190606T074619_20190606T080526_T36NXF,PRE,36.24,13.593349,0.447334,0.078761,0.20552,0.799109,0.361199,0.388652,0.435445,0.490397,0.552886,-0.397467,0.07083,-0.704471,-0.220965,-0.489182,-0.436535,-0.387792,-0.344727,-0.317354,0.191066,0.030416,0.047427,0.375431,0.15916,0.170966,0.186494,0.208021,0.231365,-0.115208,0.04843,-0.36581,0.155711,-0.17387,-0.14253,-0.115208,-0.087949,-0.056592,0.801397,152.529541,-9960.0,5562.5,-10.810842,5.319168,5.319168,5.319168,5.319168,241.57,PRE_INTERVENTION,36NXF,135.0,02.12,,,,,,,,,
2019-06-16,sentinel2,20190616T074619_20190616T080736_T36NXF,PRE,0.01,21.816762,0.695255,0.097238,0.217831,0.900233,0.572413,0.646423,0.712897,0.763636,0.802651,-0.624769,0.070948,-0.81646,-0.254406,-0.708908,-0.673672,-0.630824,-0.584115,-0.537215,0.225881,0.082198,-0.200446,0.479705,0.126997,0.18165,0.232308,0.279229,0.322024,-0.139529,0.087142,-0.415785,0.265595,-0.243924,-0.197302,-0.146605,-0.091807,-0.037225,2.153702,7.744396,-143.655914,736.842105,2.057392,2.057392,2.057392,2.057392,2.057392,233.559,PRE_INTERVENTION,36NXF,135.0,02.12,,,,,,,,,
2019-07-01,sentinel2,20190701T074621_20190701T080914_T36NXF,PRE,0.0,1.52331,0.679589,0.09692,0.210002,0.873305,0.552676,0.630896,0.693142,0.747987,0.783116,-0.621,0.062417,-0.79382,-0.337541,-0.696294,-0.66313,-0.62604,-0.585051,-0.542113,0.196682,0.087889,-0.178912,0.477244,0.083892,0.146396,0.205028,0.25587,0.298998,-0.100953,0.092403,-0.398176,0.257818,-0.212896,-0.165764,-0.107377,-0.048892,0.01778,1.805114,0.371366,0.311256,4.809783,1.296167,1.60959,1.85996,2.077516,2.234295,154.554,PRE_INTERVENTION,36NXF,135.0,02.12,,,,,,,,,
2019-07-01,viirs,20190701,PRE,0.0,,,,,,,,,,,,,,,,,,,,,,,,,,,,,,,,,,,,,,,,,,,,,,,154.554,PRE_INTERVENTION,,,,0.525818,0.232412,0.32,1.19,0.38,0.42,0.45,0.63,0.64
2019-07-06,sentinel2,20190706T074619_20190706T080534_T36NXF,PRE,0.0,5.261014,0.669401,0.097556,0.207634,0.874048,0.541068,0.619149,0.685588,0.736209,0.775256,-0.6155,0.063166,-0.797775,-0.278158,-0.689383,-0.657996,-0.61914,-0.580144,-0.532993,0.181563,0.090957,-0.208932,0.455896,0.06422,0.13098,0.189469,0.244018,0.287005,-0.097302,0.093302,-0.382509,0.252074,-0.209102,-0.162023,-0.103511,-0.044886,0.025501,1.896858,0.406559,0.325059,4.234467,1.335262,1.664749,1.961051,2.195422,2.351481,139.076,PRE_INTERVENTION,36NXF,135.0,02.12,,,,,,,,,
2019-07-11,sentinel2,20190711T074621_20190711T080806_T36NXF,PRE,1.92,12.040833,0.605705,0.132513,0.126853,0.876165,0.415847,0.525596,0.630871,0.701034,0.755585,-0.567722,0.103176,-0.801709,-0.148567,-0.68146,-0.638711,-0.588009,-0.517604,-0.420047,0.154669,0.092205,-0.279779,0.468852,0.0487,0.107418,0.158242,0.212773,0.263814,-0.059832,0.094799,-0.425074,0.317619,-0.174171,-0.1193,-0.064605,-0.009685,0.05658,0.927883,38.134414,-2572.0,333.0,1.778608,1.778608,1.778608,1.778608,1.778608,123.09,PRE_INTERVENTION,36NXF,135.0,02.13,,,,,,,,,
2019-07-16,sentinel2,20190716T074619_20190716T080657_T36NXF,PRE,0.0,20.090634,0.646692,0.107778,0.201337,0.863877,0.502069,0.59563,0.665886,0.720743,0.763632,-0.595692,0.068104,-0.789498,-0.249673,-0.673678,-0.638659,-0.599509,-0.560649,-0.509978,0.160998,0.100861,-0.28755,0.47752,0.032966,0.111411,0.173912,0.22467,0.275266,-0.079075,0.100566,-0.41382,0.302015,-0.197158,-0.146455,-0.088122,-0.025398,0.052727,1.9408,0.475407,0.321429,3.558639,1.27312,1.649229,2.007919,2.289085,2.492672,134.715,PRE_INTERVENTION,36NXF,135.0,02.13,,,,,,,,,
2019-07-21,sentinel2,20190721T074621_20190721T080458_T36NXF,PRE,0.0,15.021416,0.626257,0.115476,0.178789,0.876009,0.466983,0.568441,0.64645,0.704995,0.751987,-0.592511,0.07276,-0.810894,-0.294993,-0.677609,-0.638563,-0.599565,-0.556593,-0.497858,0.143387,0.099642,-0.285282,0.477058,0.013615,0.091745,0.15444,0.208999,0.255719,-0.04539,0.099698,-0.39101,0.311331,-0.162022,-0.111274,-0.052622,0.009884,0.087689,1.593419,0.410052,0.258548,3.59621,1.007911,1.33577,1.632892,1.898253,2.086104,140.338,PRE_INTERVENTION,36NXF,135.0,02.13,,,,,,,,,
2019-07-26,sentinel2,20190726T074619_20190726T080331_T36NXF,PRE,0.0,14.511661,0.499198,0.116699,0.177237,0.87116,0.349541,0.404267,0.490168,0.591932,0.654277,-0.472323,0.108193,-0.79819,-0.200254,-0.615099,-0.556822,-0.470659,-0.376957,-0.333917,0.118456,0.074242,-0.21842,0.490544,0.029275,0.080237,0.123068,0.162175,0.201112,-0.042323,0.0734,-0.398784,0.289399,-0.126927,-0.087939,-0.04885,-0.002,0.052552,2.45584,74.913643,-5095.0,2527.5,2.915475,2.915475,2.915475,2.915475,2.915475,140.338,PRE_INTERVENTION,36NXF,135.0,02.13,,,,,,,,,
2019-08-01,viirs,20190801,PRE,0.0,,,,,,,,,,,,,,,,,,,,,,,,,,,,,,,,,,,,,,,,,,,,,,,108.393,PRE_INTERVENTION,,,,0.531882,0.234164,0.26,1.12,0.3,0.35,0.49,0.64,0.87
2019-08-05,sentinel2,20190805T074619_20190805T080429_T36NXF,PRE,32.7,11.807672,0.492914,0.15049,-0.016878,0.82777,0.279395,0.384887,0.509818,0.611109,0.677342,-0.46013,0.124004,-0.745438,-0.049077,-0.603626,-0.552812,-0.482497,-0.369169,-0.275405,0.119213,0.091455,-0.214663,0.534124,0.017838,0.064389,0.111385,0.173875,0.236478,-0.040024,0.094347,-0.443771,0.276977,-0.158302,-0.099519,-0.037017,0.021541,0.076074,0.59314,67.47631,-3320.0,1345.0,2.751728,2.751728,2.751728,2.751728,2.751728,101.741,PRE_INTERVENTION,36NXF,135.0,02.13,,,,,,,,,
2019-08-15,sentinel2,20190815T074619_20190815T080611_T36NXF,PRE,0.0,10.020375,0.551051,0.137673,0.173795,0.866779,0.349723,0.458793,0.568317,0.658337,0.72064,-0.548416,0.08381,-0.796145,-0.249644,-0.650345,-0.607285,-0.556676,-0.494066,-0.427855,0.053317,0.113538,-0.290226,0.443198,-0.099578,-0.0176,0.064435,0.130846,0.189469,0.027908,0.10932,-0.383134,0.301575,-0.111196,-0.048566,0.021378,0.103537,0.177783,1.46185,0.523682,0.247588,3.776311,0.757265,1.054753,1.445189,1.867724,2.195559,89.102,PRE_INTERVENTION,36NXF,135.0,02.13,,,,,,,,,
2019-08-20,sentinel2,20190820T074611_20190820T080449_T36NXF,PRE,0.0,23.152575,0.528711,0.131677,0.179131,0.813771,0.333947,0.435571,0.544979,0.634669,0.693177,-0.53121,0.079278,-0.757143,-0.296103,-0.628009,-0.586977,-0.537998,-0.479456,-0.416933,0.065502,0.103986,-0.25903,0.396297,-0.079994,-0.001871,0.07602,0.138606,0.189217,0.030008,0.100684,-0.302285,0.282655,-0.095789,-0.044789,0.02559,0.103538,0.169916,1.29901,0.449293,0.250263,4.129464,0.695015,0.945551,1.289076,1.648387,1.930026,61.682,PRE_INTERVENTION,36NXF,135.0,02.13,,,,,,,,,
2019-08-25,sentinel2,20190825T074619_20190825T080100_T36NXF,PRE,0.0,2.101732,0.555698,0.134666,0.177592,0.860355,0.361309,0.459069,0.572461,0.662338,0.720281,-0.547542,0.079179,-0.78383,-0.257096,-0.6465,-0.603375,-0.552791,-0.494217,-0.435613,0.073505,0.107318,-0.251783,0.431984,-0.07636,-0.002062,0.083987,0.150337,0.205015,0.009804,0.107041,-0.371396,0.276135,-0.12292,-0.068361,0.00193,0.088011,0.162167,1.470861,0.51036,0.263325,3.071559,0.789146,1.07007,1.475735,1.883379,2.163729,105.199,PRE_INTERVENTION,36NXF,135.0,02.13,,,,,,,,,
2019-08-30,sentinel2,20190830T074611_20190830T080820_T36NXF,PRE,0.01,19.112747,0.547954,0.146009,0.140625,0.891922,0.341751,0.443313,0.564302,0.662143,0.728364,-0.533983,0.087688,-0.813506,-0.253444,-0.642614,-0.595662,-0.540969,-0.474534,-0.412106,0.07802,0.109165,-0.296178,0.454369,-0.072264,0.001906,0.087992,0.154322,0.213062,0.016225,0.109514,-0.383934,0.320147,-0.126741,-0.064402,0.009829,0.09949,0.166045,1.416099,1.64796,-148.611111,9.000793,0.734358,1.494926,1.494926,1.494926,2.187282,136.105,PRE_INTERVENTION,36NXF,135.0,02.13,,,,,,,,,
2019-09-01,viirs,20190901,PRE,0.0,,,,,,,,,,,,,,,,,,,,,,,,,,,,,,,,,,,,,,,,,,,,,,,137.933,PRE_INTERVENTION,,,,0.509472,0.205829,0.29,1.0,0.31,0.36,0.47,0.6,0.91
2019-09-04,sentinel2,20190904T074619_20190904T080047_T36NXF,PRE,2.13,55.286125,0.564746,0.140424,0.148347,0.893761,0.369251,0.4669,0.584198,0.669873,0.732254,-0.552061,0.083966,-0.839051,-0.234633,-0.658174,-0.611284,-0.556668,-0.494056,-0.43959,0.096785,0.10497,-0.268399,0.440434,-0.048997,0.025466,0.107388,0.169905,0.224627,-0.004653,0.106763,-0.380138,0.299831,-0.138824,-0.084061,-0.009767,0.07225,0.142601,1.403658,0.474838,0.206299,5.459624,0.733683,1.047463,1.422062,1.797563,2.015774,147.196,PRE_INTERVENTION,36NXF,135.0,02.13,,,,,,,,,
2019-09-09,sentinel2,20190909T074611_20190909T080510_T36NXF,PRE,0.0,11.264435,0.565656,0.114599,0.208277,0.832187,0.404278,0.490076,0.580116,0.650544,0.705229,-0.5396,0.068898,-0.761653,-0.254019,-0.626865,-0.587923,-0.540855,-0.494115,-0.447227,0.136371,0.089079,-0.185221,0.446817,0.017535,0.076381,0.142494,0.197406,0.247885,-0.036741,0.092538,-0.353327,0.234501,-0.154232,-0.103534,-0.040923,0.029195,0.087742,1.536399,0.447601,0.328412,3.281806,0.930377,1.211128,1.570379,1.882554,2.102861,166.885,PRE_INTERVENTION,36NXF,135.0,02.13,,,,,,,,,
2019-09-19,sentinel2,20190919T074611_20190919T080026_T36NXF,PRE,0.0,0.762622,0.610877,0.113554,0.186324,0.886495,0.45883,0.540945,0.623091,0.693499,0.748011,-0.575101,0.067008,-0.813702,-0.220284,-0.662115,-0.61902,-0.576195,-0.533182,-0.490311,0.130421,0.091371,-0.195189,0.45596,0.009615,0.072302,0.134779,0.193146,0.244364,-0.038374,0.096814,-0.383774,0.251389,-0.161831,-0.103469,-0.040919,0.025447,0.09162,1.541684,0.420207,0.273841,4.332376,0.9533,1.265398,1.577639,1.85896,2.04681,184.656,PRE_INTERVENTION,36NXF,135.0,02.13,,,,,,,,,
2019-09-24,sentinel2,20190924T074639_20190924T080925_T36NXF,PRE,0.0,5.761617,0.590147,0.120833,0.154858,0.90137,0.427639,0.517528,0.599603,0.673656,0.740356,-0.565183,0.072694,-0.818658,-0.237271,-0.658165,-0.611302,-0.564494,-0.517517,-0.474709,0.10146,0.093807,-0.231914,0.438416,-0.017485,0.041075,0.099613,0.162057,0.224415,-0.015349,0.096603,-0.385458,0.255298,-0.142665,-0.080108,-0.013622,0.04884,0.111426,1.523837,0.45191,0.242164,3.217308,0.89854,1.210978,1.570065,1.866564,2.085905,158.347,PRE_INTERVENTION,36NXF,135.0,02.13,,,,,,,,,
2019-09-29,sentinel2,20190929T074711_20190929T080834_T36NXF,PRE,0.0,16.416183,0.596228,0.121566,0.148241,0.890293,0.431839,0.525354,0.607484,0.681649,0.740282,-0.559513,0.073915,-0.81513,-0.197951,-0.654266,-0.60742,-0.560565,-0.513568,-0.466818,0.115651,0.092243,-0.271005,0.445917,-0.001911,0.056659,0.115329,0.177788,0.232392,-0.026089,0.095144,-0.381322,0.309572,-0.150338,-0.087909,-0.025338,0.03723,0.095724,1.592251,0.468072,0.227348,3.883812,0.945707,1.274612,1.648434,1.945233,2.148352,149.254,PRE_INTERVENTION,36NXF,135.0,02.13,,,,,,,,,
2019-10-01,viirs,20191001,PRE,0.0,,,,,,,,,,,,,,,,,,,,,,,,,,,,,,,,,,,,,,,,,,,,,,,169.477,PRE_INTERVENTION,,,,0.529109,0.155383,0.36,0.86,0.39,0.44,0.49,0.57,0.78
2019-10-04,sentinel2,20191004T074749_20191004T080733_T36NXF,PRE,0.25,5.091557,0.622759,0.104269,0.145295,0.872456,0.490427,0.568331,0.634774,0.697284,0.743974,-0.568392,0.07062,-0.790812,-0.131367,-0.650373,-0.61514,-0.572304,-0.529429,-0.490262,0.157152,0.080781,-0.211329,0.462896,0.056771,0.10732,0.15806,0.208886,0.255852,-0.078958,0.084369,-0.393158,0.213682,-0.185575,-0.134644,-0.080075,-0.025554,0.029364,2.001984,7.863004,-202.589286,540.3125,1.914422,1.914422,1.914422,1.914422,1.914422,183.979,PRE_INTERVENTION,36NXF,135.0,02.13,,,,,,,,,
2019-11-01,viirs,20191101,PRE,33.86,,,,,,,,,,,,,,,,,,,,,,,,,,,,,,,,,,,,,,,,,,,,,,,429.466,PRE_INTERVENTION,,,,0.532809,0.258752,0.25,1.05,0.25,0.35,0.46,0.64,1.05
2019-11-03,sentinel2,20191103T075009_20191103T080339_T36NXF,PRE,0.03,9.400964,0.684852,0.080979,0.263381,0.891139,0.579938,0.63859,0.693376,0.740339,0.779122,-0.606706,0.056492,-0.809763,-0.290043,-0.677762,-0.642681,-0.607431,-0.572221,-0.537189,0.22022,0.069084,-0.070497,0.477332,0.130947,0.174007,0.220715,0.263716,0.306587,-0.137755,0.07485,-0.413014,0.147046,-0.232353,-0.185546,-0.138582,-0.087824,-0.040977,2.055894,0.615229,-20.335008,34.293629,1.643108,1.886015,2.1278,2.362862,2.590702,418.089,PRE_INTERVENTION,36NXF,135.0,02.13,,,,,,,,,
2019-11-28,sentinel2,20191128T075251_20191128T075606_T36NXF,PRE,26.87,27.879406,0.488283,0.115908,0.133113,0.858824,0.345803,0.404414,0.482537,0.564605,0.642558,-0.433921,0.095006,-0.749163,-0.171877,-0.564365,-0.493895,-0.427612,-0.361365,-0.31445,0.207864,0.041459,0.088101,0.432743,0.161097,0.178674,0.204097,0.22946,0.262748,-0.112987,0.067415,-0.41325,0.198353,-0.197291,-0.154152,-0.115267,-0.072201,-0.029204,1.998635,84.10342,-5930.0,2513.75,-8.954003,3.736648,3.736648,3.736648,3.736648,285.217,PRE_INTERVENTION,36NXF,135.0,02.13,,,,,,,,,
2019-12-01,viirs,20191201,PRE,0.0,,,,,,,,,,,,,,,,,,,,,,,,,,,,,,,,,,,,,,,,,,,,,,,266.108,PRE_INTERVENTION,,,,0.53673,0.176454,0.23,0.96,0.24,0.47,0.55,0.67,0.72
2019-12-13,sentinel2,20191213T075229_20191213T080524_T36NXF,PRE,5.81,43.71904,0.60657,0.111722,0.16097,0.895311,0.462825,0.52937,0.607552,0.689438,0.747936,-0.529339,0.09409,-0.814238,-0.173032,-0.646494,-0.595756,-0.529482,-0.466846,-0.408355,0.216371,0.058566,-0.020422,0.477333,0.145572,0.17476,0.211935,0.251031,0.292029,-0.138063,0.067732,-0.419635,0.185984,-0.220512,-0.18166,-0.134935,-0.095877,-0.056698,2.693351,33.435136,-2376.666667,944.285714,3.120818,3.120818,3.120818,3.120818,3.120818,322.895,PRE_INTERVENTION,36NXF,135.0,02.13,,,,,,,,,
2019-12-18,sentinel2,20191218T075331_20191218T075640_T36NXF,PRE,23.66,46.774664,0.65903,0.084651,0.192108,0.850176,0.548623,0.615296,0.669856,0.716685,0.755875,-0.587301,0.060123,-0.769568,-0.289533,-0.659203,-0.622074,-0.588927,-0.555729,-0.516572,0.215457,0.069013,-0.145121,0.459772,0.134953,0.173636,0.21304,0.256032,0.302629,-0.125129,0.07318,-0.389103,0.209998,-0.216898,-0.169923,-0.123109,-0.080269,-0.041017,1.947197,0.655359,-34.352941,18.6125,1.396229,1.638442,1.879795,2.120984,2.355559,350.229,PRE_INTERVENTION,36NXF,135.0,02.13,,,,,,,,,
2019-12-28,sentinel2,20191228T075331_20191228T075641_T36NXF,PRE,1.48,67.384894,0.580115,0.113131,0.071608,0.810598,0.420073,0.513571,0.599631,0.662104,0.708914,-0.507033,0.094699,-0.722371,-0.054281,-0.611372,-0.572118,-0.525445,-0.459163,-0.372823,0.21535,0.0619,-0.122022,0.474346,0.14649,0.177814,0.212749,0.251882,0.294822,-0.121554,0.062692,-0.380437,0.198848,-0.200874,-0.158293,-0.115216,-0.084049,-0.05275,2.82036,19.863235,-969.333333,911.818182,2.71244,2.71244,2.71244,2.71244,2.71244,335.729,PRE_INTERVENTION,36NXF,135.0,02.13,,,,,,,,,
2020-01-01,viirs,20200101,PRE,0.0,,,,,,,,,,,,,,,,,,,,,,,,,,,,,,,,,,,,,,,,,,,,,,,266.997,PRE_INTERVENTION,,,,0.435531,0.213772,0.19,1.06,0.22,0.33,0.41,0.51,0.71
2020-01-02,sentinel2,20200102T075229_20200102T080825_T36NXF,PRE,0.0,28.529342,0.66906,0.090207,0.222252,0.873457,0.552897,0.619003,0.681581,0.732342,0.771631,-0.610987,0.058159,-0.79572,-0.301236,-0.682596,-0.647373,-0.612352,-0.577188,-0.539995,0.179315,0.079034,-0.169434,0.457572,0.083941,0.130816,0.17779,0.228177,0.275308,-0.102233,0.082774,-0.395419,0.20402,-0.204821,-0.154376,-0.099608,-0.048754,-0.001882,1.836295,0.373239,0.391054,4.539068,1.32858,1.610149,1.858817,2.109817,2.297004,250.372,PRE_INTERVENTION,36NXF,135.0,02.13,,,,,,,,,
2020-01-07,sentinel2,20200107T075311_20200107T075626_T36NXF,PRE,2.91,16.996488,0.620922,0.087446,0.223499,0.813208,0.501904,0.568261,0.630864,0.681706,0.72476,-0.57116,0.055655,-0.740239,-0.292827,-0.63951,-0.608355,-0.573262,-0.540113,-0.502935,0.160938,0.079458,-0.149543,0.445682,0.064323,0.11143,0.158175,0.209002,0.259943,-0.071098,0.080589,-0.373913,0.206551,-0.173791,-0.123023,-0.068454,-0.021541,0.029179,1.850548,1.144125,-63.557214,84.75,1.619774,1.619774,1.619774,2.259254,2.259254,213.376,PRE_INTERVENTION,36NXF,135.0,02.13,,,,,,,,,
2020-01-12,sentinel2,20200112T075209_20200112T080017_T36NXF,PRE,30.87,59.631409,0.425939,0.08666,-0.142138,0.666392,0.322563,0.373065,0.431546,0.486515,0.529085,-0.373418,0.075959,-0.576007,-0.008585,-0.466562,-0.427753,-0.377079,-0.322303,-0.275186,0.158874,0.06594,-0.09938,0.447359,0.084069,0.119099,0.15433,0.193269,0.243872,-0.093492,0.071133,-0.390175,0.250664,-0.185704,-0.134768,-0.091704,-0.048908,-0.005769,1.433571,157.866711,-9565.0,3545.0,-7.746077,6.121738,6.121738,6.121738,6.121738,176.295,PRE_INTERVENTION,36NXF,135.0,02.13,,,,,,,,,
2020-01-22,sentinel2,20200122T075129_20200122T080758_T36NXF,PRE,0.0,4.068732,0.587453,0.103131,0.175892,0.817561,0.447284,0.521608,0.603502,0.66211,0.709052,-0.562499,0.060854,-0.75287,-0.319876,-0.637694,-0.600588,-0.565394,-0.526316,-0.485179,0.103927,0.095729,-0.228743,0.445731,-0.017711,0.045081,0.103559,0.161978,0.220341,-0.026968,0.0945,-0.364286,0.266717,-0.146564,-0.087923,-0.029454,0.033248,0.091808,1.661656,0.458288,0.251126,3.588022,1.039746,1.336209,1.680169,2.00744,2.257886,113.949,PRE_INTERVENTION,36NXF,135.0,02.13,,,,,,,,,
2020-02-01,viirs,20200201,PRE,0.0,,,,,,,,,,,,,,,,,,,,,,,,,,,,,,,,,,,,,,,,,,,,,,,124.242,PRE_INTERVENTION,,,,0.511296,0.155247,0.27,0.89,0.38,0.44,0.48,0.57,0.74
2020-02-11,sentinel2,20200211T074959_20200211T080355_T36NXF,PRE,0.0,0.125338,0.609276,0.116242,0.182901,0.862029,0.443436,0.545119,0.630877,0.689482,0.740237,-0.582632,0.070678,-0.799067,-0.319847,-0.667,-0.627988,-0.588807,-0.543966,-0.489353,0.107882,0.0994,-0.231638,0.45966,-0.025266,0.048788,0.1114,0.169817,0.228354,-0.03662,0.099181,-0.383487,0.243352,-0.158064,-0.099471,-0.040976,0.02546,0.095536,1.685255,0.458575,0.25615,5.267974,1.046542,1.390816,1.733264,2.015702,2.234634,151.222,PRE_INTERVENTION,36NXF,135.0,05.00,,,,,,,,,
2020-02-16,sentinel2,20200216T075011_20200216T080428_T36NXF,PRE,0.0,1.255338,0.591417,0.130808,0.152973,0.884184,0.404106,0.513701,0.615284,0.685526,0.740212,-0.566706,0.07999,-0.797446,-0.274832,-0.662218,-0.619126,-0.576181,-0.521619,-0.459198,0.097101,0.100776,-0.27142,0.440827,-0.037079,0.037044,0.099657,0.162172,0.22071,-0.007048,0.100855,-0.372253,0.298581,-0.134513,-0.07231,-0.009642,0.0565,0.126868,1.439674,0.424459,0.201305,6.30554,0.828505,1.14094,1.484623,1.765697,1.952651,142.79,PRE_INTERVENTION,36NXF,135.0,02.14,,,,,,,,,
2020-02-21,sentinel2,20200221T074939_20200221T080715_T36NXF,PRE,0.0,13.226041,0.592973,0.120795,0.184227,0.848636,0.419881,0.525358,0.615247,0.677732,0.728629,-0.559803,0.070809,-0.774008,-0.297336,-0.645459,-0.606466,-0.565432,-0.518614,-0.461963,0.102613,0.103221,-0.26478,0.44466,-0.03716,0.041221,0.111359,0.169865,0.224237,-0.025304,0.102542,-0.363452,0.276981,-0.150403,-0.091681,-0.033368,0.040966,0.115191,1.678942,0.493852,0.271341,5.87986,0.98352,1.360072,1.73408,2.046352,2.264554,158.919,PRE_INTERVENTION,36NXF,135.0,02.14,,,,,,,,,
2020-03-01,viirs,20200301,PRE,0.0,,,,,,,,,,,,,,,,,,,,,,,,,,,,,,,,,,,,,,,,,,,,,,,84.607,PRE_INTERVENTION,,,,0.530787,0.164143,0.23,0.92,0.4,0.47,0.49,0.64,0.72
2020-03-07,sentinel2,20200307T074751_20200307T080004_T36NXF,PRE,0.0,34.537745,0.585885,0.139002,0.139416,0.884193,0.380508,0.50598,0.615214,0.685423,0.740156,-0.565136,0.082128,-0.818808,-0.270232,-0.665926,-0.619143,-0.572221,-0.521486,-0.451106,0.103379,0.102454,-0.237628,0.43138,-0.032917,0.041163,0.111434,0.170011,0.228044,-0.005627,0.105007,-0.355378,0.287475,-0.134791,-0.076118,-0.013625,0.064382,0.138861,1.390959,0.439839,0.206282,7.323361,0.766236,1.109447,1.453545,1.703517,1.920556,92.234,PRE_INTERVENTION,36NXF,135.0,02.14,,,,,,,,,
2020-03-22,sentinel2,20200322T074609_20200322T080932_T36NXF,PRE,2.06,38.052593,0.582751,0.110438,0.203091,0.829194,0.427656,0.517661,0.599616,0.662296,0.708938,-0.547268,0.06531,-0.760488,-0.329107,-0.629848,-0.590846,-0.549783,-0.506848,-0.459929,0.131643,0.089804,-0.158468,0.41677,0.010053,0.072205,0.134953,0.193394,0.244086,-0.054987,0.091646,-0.346762,0.192447,-0.17004,-0.119133,-0.060462,0.005794,0.072382,1.719452,0.468048,0.349977,4.968823,1.048029,1.423142,1.7974,2.077521,2.264022,247.624,PRE_INTERVENTION,36NXF,135.0,02.14,,,,,,,,,
2020-03-27,sentinel2,20200327T074611_20200327T080818_T36NXF,PRE,0.0,16.048098,0.602508,0.127246,0.153898,0.871452,0.423685,0.529276,0.619125,0.693251,0.752039,-0.572626,0.073299,-0.809894,-0.29283,-0.665881,-0.619233,-0.572268,-0.525554,-0.478599,0.151047,0.095608,-0.195773,0.454773,0.021415,0.088078,0.158156,0.216837,0.267548,-0.041656,0.103864,-0.367073,0.259746,-0.169862,-0.111421,-0.048777,0.025072,0.103413,1.457331,0.432328,0.234472,3.919137,0.836574,1.179441,1.523654,1.773353,1.976878,319.183,PRE_INTERVENTION,36NXF,135.0,02.14,,,,,,,,,
2020-04-01,sentinel2,20200401T074609_20200401T080132_T36NXF,PRE,0.0,7.032886,0.617393,0.123121,0.194876,0.890293,0.443283,0.548936,0.634969,0.705013,0.763458,-0.579624,0.071114,-0.823606,-0.32728,-0.671029,-0.625882,-0.579176,-0.534213,-0.487395,0.144685,0.09665,-0.187832,0.458211,0.017384,0.080328,0.146523,0.208828,0.263729,-0.060383,0.103541,-0.393401,0.244846,-0.18922,-0.130773,-0.06447,0.009808,0.08407,1.650842,0.477999,0.306352,4.392491,0.951742,1.360182,1.735242,1.984744,2.203399,373.034,PRE_INTERVENTION,36NXF,135.0,02.14,,,,,,,,,
2020-04-01,viirs,20200401,PRE,0.0,,,,,,,,,,,,,,,,,,,,,,,,,,,,,,,,,,,,,,,,,,,,,,,373.034,PRE_INTERVENTION,,,,0.488358,0.130394,0.35,0.82,0.39,0.4,0.49,0.55,0.55
2020-04-11,sentinel2,20200411T074609_20200411T080507_T36NXF,PRE,3.02,22.711683,0.572195,0.126893,0.115598,0.851893,0.384769,0.49004,0.595665,0.666014,0.716804,-0.532242,0.091407,-0.772349,-0.141246,-0.634903,-0.59188,-0.544894,-0.486436,-0.412532,0.142503,0.088524,-0.190809,0.452229,0.033231,0.084044,0.138701,0.201282,0.255788,-0.059324,0.091255,-0.380902,0.222068,-0.173784,-0.119095,-0.056601,-0.001897,0.060471,2.120058,12.656699,-180.595238,991.0,1.926394,1.926394,1.926394,1.926394,1.926394,303.761,PRE_INTERVENTION,36NXF,135.0,02.14,,,,,,,,,
2020-05-01,sentinel2,20200501T074609_20200501T080518_T36NXF,PRE,0.0,9.74159,0.604757,0.079995,0.263788,0.887018,0.505872,0.544972,0.603523,0.658135,0.712715,-0.547243,0.061354,-0.784436,-0.372719,-0.631849,-0.586996,-0.543942,-0.500998,-0.471661,0.193932,0.053786,-0.040623,0.430537,0.133764,0.161129,0.190434,0.225634,0.264758,-0.103504,0.057488,-0.349146,0.156444,-0.173845,-0.134765,-0.099595,-0.072426,-0.040946,2.182286,4.311954,-37.428571,430.833333,1.679711,1.679711,2.425434,2.425434,2.425434,301.595,PRE_INTERVENTION,36NXF,135.0,02.14,,,,,,,,,
2020-05-01,viirs,20200501,PRE,0.0,,,,,,,,,,,,,,,,,,,,,,,,,,,,,,,,,,,,,,,,,,,,,,,301.595,PRE_INTERVENTION,,,,0.570931,0.214401,0.3,1.07,0.35,0.41,0.52,0.7,0.88
2020-05-06,sentinel2,20200506T074621_20200506T080222_T36NXF,PRE,10.49,7.627832,0.63039,0.133819,0.015536,0.890105,0.443613,0.564329,0.654201,0.728361,0.779401,-0.565812,0.104589,-0.786573,-0.078213,-0.677675,-0.634831,-0.583801,-0.521525,-0.423599,0.195063,0.084514,-0.245416,0.507031,0.095799,0.142563,0.193451,0.252061,0.302696,-0.093374,0.094794,-0.473912,0.350869,-0.212922,-0.158005,-0.09181,-0.037124,0.02166,2.781945,69.814967,-270.6,6610.0,2.018601,2.018601,2.018601,2.018601,2.018601,342.001,PRE_INTERVENTION,36NXF,135.0,02.14,,,,,,,,,
2020-05-16,sentinel2,20200516T074621_20200516T080324_T36NXF,PRE,0.0,17.783136,0.671382,0.087921,0.235013,0.901304,0.564357,0.619156,0.674085,0.732592,0.783159,-0.603771,0.063315,-0.832258,-0.264362,-0.68521,-0.646365,-0.599764,-0.560484,-0.52948,0.213018,0.074692,-0.153098,0.481151,0.123306,0.166197,0.212812,0.259861,0.306498,-0.111369,0.080216,-0.405288,0.244551,-0.212933,-0.161994,-0.10744,-0.060435,-0.013426,1.796818,0.330472,0.365942,3.525736,1.367039,1.60235,1.835566,2.023714,2.179123,361.098,PRE_INTERVENTION,36NXF,135.0,02.14,,,,,,,,,
2020-05-21,sentinel2,20200521T074609_20200521T080518_T36NXF,PRE,3.03,3.009041,0.671469,0.088884,0.246186,0.880558,0.560682,0.619025,0.67792,0.732397,0.78332,-0.60602,0.061102,-0.786008,-0.331711,-0.686516,-0.647569,-0.604485,-0.565393,-0.532148,0.192521,0.085874,-0.226864,0.478588,0.087993,0.134798,0.189468,0.248043,0.302552,-0.105684,0.088999,-0.402197,0.260849,-0.224828,-0.165854,-0.103538,-0.044911,0.001716,1.98796,0.398762,0.458087,4.152851,1.461346,1.74257,2.023338,2.273178,2.461213,318.696,PRE_INTERVENTION,36NXF,135.0,02.14,,,,,,,,,
2020-05-26,sentinel2,20200526T074621_20200526T080832_T36NXF,PRE,7.86,20.812364,0.66094,0.096961,0.109068,0.866635,0.544859,0.611391,0.669877,0.724561,0.77129,-0.588341,0.070107,-0.786541,-0.102788,-0.673802,-0.634739,-0.587817,-0.548849,-0.505561,0.209597,0.088589,-0.250329,0.507442,0.103718,0.154287,0.208986,0.267627,0.322098,-0.119955,0.09184,-0.40957,0.27049,-0.24048,-0.181698,-0.119205,-0.060519,-0.013716,2.155758,5.460065,-178.835616,443.448276,2.079108,2.079108,2.079108,2.079108,2.079108,272.788,PRE_INTERVENTION,36NXF,135.0,02.14,,,,,,,,,
2020-05-31,sentinel2,20200531T074619_20200531T080520_T36NXF,PRE,4.12,16.265079,0.657606,0.112547,0.124612,0.874016,0.517568,0.607292,0.673731,0.732443,0.782981,-0.592476,0.085216,-0.805623,-0.11189,-0.689414,-0.64653,-0.599686,-0.552826,-0.50212,0.188962,0.093729,-0.257811,0.47607,0.080166,0.13088,0.189531,0.251912,0.306534,-0.104759,0.096332,-0.396408,0.276694,-0.228787,-0.169856,-0.103539,-0.044855,0.009817,1.844121,23.453802,-2309.0,123.229167,2.131115,2.131115,2.131115,2.131115,2.131115,251.231,PRE_INTERVENTION,36NXF,135.0,02.14,,,,,,,,,
2020-06-01,viirs,20200601,PRE,0.0,,,,,,,,,,,,,,,,,,,,,,,,,,,,,,,,,,,,,,,,,,,,,,,244.356,PRE_INTERVENTION,,,,0.410993,0.120333,0.24,0.73,0.32,0.36,0.38,0.43,0.59
2020-06-05,sentinel2,20200605T074621_20200605T080829_T36NXF,PRE,0.0,34.110418,0.700993,0.095842,0.193361,0.899767,0.591704,0.654388,0.709173,0.763772,0.810709,-0.627789,0.064833,-0.831081,-0.309983,-0.709007,-0.669971,-0.627053,-0.588,-0.552607,0.224129,0.087088,-0.25118,0.484372,0.122986,0.177646,0.228584,0.279286,0.326382,-0.12464,0.093932,-0.410005,0.298587,-0.240278,-0.185479,-0.127097,-0.068387,-0.013466,1.765312,0.330696,0.291217,5.582312,1.360939,1.608986,1.796933,1.983688,2.139964,231.148,PRE_INTERVENTION,36NXF,135.0,02.14,,,,,,,,,
2020-06-20,sentinel2,20200620T074619_20200620T080329_T36NXF,PRE,6.32,28.909835,0.576082,0.121363,0.048432,0.809465,0.41588,0.525558,0.59957,0.654341,0.704999,-0.518197,0.099367,-0.72516,-0.051444,-0.61908,-0.579955,-0.536933,-0.482449,-0.388825,0.178527,0.088516,-0.192292,0.452894,0.076297,0.126822,0.17789,0.236455,0.291066,-0.092082,0.087444,-0.35429,0.246165,-0.201328,-0.146576,-0.092002,-0.037216,0.013479,2.40319,35.319403,-2338.75,2267.5,2.619693,2.619693,2.619693,2.619693,2.619693,174.933,PRE_INTERVENTION,36NXF,135.0,02.14,,,,,,,,,
2020-06-25,sentinel2,20200625T074621_20200625T080202_T36NXF,PRE,0.0,1.4204,0.671137,0.089696,0.21183,0.868158,0.564539,0.623006,0.67777,0.732326,0.775363,-0.603524,0.060764,-0.78418,-0.362507,-0.682748,-0.64357,-0.602475,-0.565474,-0.530271,0.206536,0.088019,-0.229038,0.465889,0.103423,0.154399,0.212808,0.263768,0.310172,-0.105282,0.091198,-0.369598,0.291278,-0.216796,-0.166071,-0.107295,-0.048889,0.001881,1.775944,0.328423,0.330086,4.852532,1.358822,1.609511,1.828636,2.015037,2.140354,197.093,PRE_INTERVENTION,36NXF,135.0,02.14,,,,,,,,,
2020-07-01,viirs,20200701,PRE,0.0,,,,,,,,,,,,,,,,,,,,,,,,,,,,,,,,,,,,,,,,,,,,,,,206.123,PRE_INTERVENTION,,,,0.707533,0.284408,0.44,1.55,0.47,0.59,0.62,0.74,1.12
2020-07-05,sentinel2,20200705T074621_20200705T080824_T36NXF,PRE,2.6,21.655163,0.555691,0.111333,0.110739,0.798091,0.400231,0.494144,0.576235,0.634702,0.681605,-0.508782,0.088472,-0.72281,-0.097999,-0.607484,-0.564434,-0.525516,-0.466884,-0.380962,0.143321,0.096342,-0.258268,0.470226,0.025517,0.091581,0.146476,0.204971,0.259753,-0.056352,0.091573,-0.346769,0.276077,-0.169921,-0.11507,-0.060418,-0.00203,0.056629,1.766347,27.49738,-1487.857143,766.363636,2.282726,2.282726,2.282726,2.282726,2.282726,193.989,PRE_INTERVENTION,36NXF,135.0,02.14,,,,,,,,,
2020-07-10,sentinel2,20200710T074619_20200710T080556_T36NXF,PRE,4.54,28.522436,0.569523,0.107634,0.087631,0.799209,0.419805,0.513932,0.587975,0.642799,0.693481,-0.526273,0.078074,-0.727476,-0.103306,-0.61518,-0.576172,-0.533233,-0.486408,-0.423949,0.129438,0.094361,-0.265099,0.434759,0.00591,0.076252,0.134832,0.193381,0.239863,-0.047185,0.090221,-0.337079,0.267488,-0.158619,-0.107345,-0.048726,0.001797,0.068435,2.135182,20.860726,-1093.75,1330.0,2.093735,2.093735,2.093735,2.093735,2.093735,190.1,PRE_INTERVENTION,36NXF,135.0,02.14,,,,,,,,,
2020-07-20,sentinel2,20200720T074619_20200720T080328_T36NXF,PRE,0.0,26.055248,0.603384,0.12211,0.140755,0.863163,0.435219,0.537109,0.622933,0.685516,0.744053,-0.571475,0.076799,-0.79393,-0.258333,-0.666172,-0.623113,-0.576199,-0.529376,-0.47064,0.111916,0.108104,-0.255898,0.47202,-0.032996,0.049015,0.115374,0.185591,0.24406,-0.030034,0.106469,-0.373531,0.280218,-0.161973,-0.099768,-0.033207,0.033296,0.115044,1.733599,0.517066,0.281015,5.690033,1.012568,1.390948,1.766132,2.108986,2.358166,171.512,PRE_INTERVENTION,36NXF,135.0,02.14,,,,,,,,,
2020-07-25,sentinel2,20200725T074621_20200725T080832_T36NXF,PRE,4.29,16.787582,0.513595,0.141785,-0.009293,0.817335,0.310218,0.423912,0.53704,0.619033,0.677811,-0.484433,0.116303,-0.725125,-0.025397,-0.615107,-0.56837,-0.509775,-0.419977,-0.314517,0.103816,0.105614,-0.254533,0.506805,-0.032863,0.044862,0.10741,0.166055,0.236394,-0.011529,0.10261,-0.392891,0.291772,-0.13846,-0.076145,-0.013639,0.052838,0.122821,1.621269,36.180842,-2341.25,2026.25,1.954913,1.954913,1.954913,1.954913,1.954913,136.563,PRE_INTERVENTION,36NXF,135.0,02.14,,,,,,,,,
2020-07-30,sentinel2,20200730T074619_20200730T080630_T36NXF,PRE,0.0,10.808823,0.552692,0.108211,0.209505,0.802996,0.400286,0.486497,0.568372,0.630683,0.685446,-0.528475,0.067262,-0.711512,-0.275084,-0.614214,-0.575113,-0.532209,-0.487359,-0.436506,0.065501,0.103207,-0.251941,0.431271,-0.072291,-0.0019,0.068291,0.134621,0.197412,0.006096,0.097149,-0.321761,0.260502,-0.119166,-0.056804,0.005965,0.072154,0.138751,1.878611,0.643288,0.387927,18.801314,1.064413,1.440522,1.937261,2.311162,2.687459,111.851,PRE_INTERVENTION,36NXF,135.0,02.14,,,,,,,,,
2020-08-01,viirs,20200801,PRE,0.0,,,,,,,,,,,,,,,,,,,,,,,,,,,,,,,,,,,,,,,,,,,,,,,126.399,PRE_INTERVENTION,,,,0.535578,0.178261,0.31,1.03,0.39,0.48,0.52,0.62,0.63
2020-09-01,viirs,20200901,PRE,0.0,,,,,,,,,,,,,,,,,,,,,,,,,,,,,,,,,,,,,,,,,,,,,,,196.067,PRE_INTERVENTION,,,,0.567246,0.159507,0.41,1.04,0.43,0.51,0.55,0.59,0.81
2020-09-03,sentinel2,20200903T074621_20200903T075217_T36NXF,PRE,3.36,17.409525,0.499528,0.152086,0.111608,0.847374,0.283038,0.380984,0.513592,0.619306,0.68924,-0.50079,0.104349,-0.785733,-0.121786,-0.623218,-0.572354,-0.51755,-0.435658,-0.365229,0.03701,0.102919,-0.300946,0.365361,-0.103437,-0.029263,0.041077,0.103454,0.166506,0.048323,0.09968,-0.276427,0.314979,-0.076375,-0.017259,0.044816,0.119134,0.181742,1.408631,2.54473,-90.833333,140.0,0.725427,0.725427,1.488297,1.488297,2.191392,201.297,PRE_INTERVENTION,36NXF,135.0,02.14,,,,,,,,,
2020-09-08,sentinel2,20200908T074619_20200908T080424_T36NXF,PRE,0.0,6.841988,0.588439,0.130443,0.159038,0.89313,0.400614,0.505803,0.607423,0.681602,0.743998,-0.568094,0.074715,-0.826062,-0.257071,-0.662138,-0.615184,-0.568341,-0.521402,-0.470814,0.098192,0.103848,-0.297879,0.45334,-0.037288,0.029435,0.103562,0.169981,0.224526,-0.007298,0.106938,-0.362872,0.312016,-0.138608,-0.080058,-0.01369,0.068332,0.138746,1.495413,0.477587,0.244773,6.883754,0.825495,1.172129,1.546591,1.85989,2.077917,219.832,PRE_INTERVENTION,36NXF,135.0,02.14,,,,,,,,,
2020-09-13,sentinel2,20200913T074621_20200913T080920_T36NXF,PRE,0.0,1.126466,0.537401,0.137273,0.136734,0.871921,0.345935,0.439376,0.552646,0.638636,0.708851,-0.537695,0.082617,-0.792818,-0.236318,-0.642511,-0.591842,-0.540995,-0.482419,-0.423724,0.040795,0.099163,-0.300357,0.38172,-0.087999,-0.025392,0.045051,0.107489,0.166094,0.046228,0.097102,-0.293755,0.324622,-0.079897,-0.017553,0.045052,0.115244,0.169856,1.289674,0.448184,0.184138,3.115008,0.664808,0.961141,1.304839,1.632768,1.866771,258.422,PRE_INTERVENTION,36NXF,135.0,02.14,,,,,,,,,
2020-09-18,sentinel2,20200918T074619_20200918T080455_T36NXF,PRE,2.25,2.333327,0.545216,0.109273,0.176247,0.804211,0.392438,0.474748,0.560601,0.622953,0.677886,-0.532147,0.064716,-0.73505,-0.276258,-0.614362,-0.575204,-0.532221,-0.491227,-0.448333,0.067061,0.09127,-0.275552,0.372645,-0.048883,0.00573,0.06841,0.126915,0.181613,0.008416,0.088918,-0.288788,0.263073,-0.103463,-0.05267,0.005775,0.068316,0.122855,1.53674,0.463376,0.272629,4.387678,0.89088,1.203189,1.578724,1.889325,2.109265,255.908,PRE_INTERVENTION,36NXF,135.0,02.14,,,,,,,,,
2020-09-28,sentinel2,20200928T074709_20200928T080455_T36NXF,PRE,19.77,25.912634,0.509091,0.139932,0.001128,0.812822,0.310594,0.419977,0.529304,0.611291,0.677568,-0.475513,0.11296,-0.712155,-0.063569,-0.59969,-0.556564,-0.494201,-0.420011,-0.306683,0.105572,0.079452,-0.184747,0.391673,0.013605,0.052622,0.099663,0.158118,0.212933,-0.038444,0.079558,-0.312353,0.246411,-0.142823,-0.091758,-0.037164,0.013805,0.060568,1.89012,31.566331,-1499.166667,1530.0,2.305013,2.305013,2.305013,2.305013,2.305013,248.802,PRE_INTERVENTION,36NXF,135.0,02.14,,,,,,,,,
2020-10-01,viirs,20201001,PRE,0.0,,,,,,,,,,,,,,,,,,,,,,,,,,,,,,,,,,,,,,,,,,,,,,,243.74,PRE_INTERVENTION,,,,0.416666,0.164163,0.26,0.95,0.29,0.3,0.42,0.49,0.505
2020-10-03,sentinel2,20201003T074751_20201003T075219_T36NXF,PRE,0.37,8.737689,0.560474,0.102162,0.186409,0.809159,0.423864,0.501813,0.568502,0.630797,0.681603,-0.539289,0.063511,-0.756815,-0.268512,-0.620136,-0.581089,-0.540054,-0.501122,-0.460134,0.10097,0.07932,-0.205431,0.354962,0.001851,0.052931,0.099577,0.154219,0.201276,-0.012136,0.07853,-0.266795,0.247964,-0.111215,-0.064466,-0.013739,0.037054,0.087967,1.443263,0.36894,0.323069,4.997958,0.921732,1.203024,1.484951,1.70392,1.889237,242.548,PRE_INTERVENTION,36NXF,135.0,02.14,,,,,,,,,
2020-10-08,sentinel2,20201008T074819_20201008T080529_T36NXF,PRE,0.0,1.59463,0.62342,0.097892,0.190773,0.845754,0.502056,0.568532,0.634756,0.693177,0.740169,-0.582644,0.061415,-0.768613,-0.293179,-0.659261,-0.623988,-0.58296,-0.542078,-0.506946,0.125957,0.086119,-0.25167,0.424448,0.02137,0.072452,0.126937,0.181544,0.232557,-0.047448,0.087355,-0.346302,0.303716,-0.158271,-0.10347,-0.048817,0.005817,0.060649,1.719724,0.400679,0.323901,5.026284,1.171066,1.484601,1.765387,1.984316,2.171049,224.996,PRE_INTERVENTION,36NXF,135.0,02.14,,,,,,,,,
2020-10-13,sentinel2,20201013T074901_20201013T075215_T36NXF,PRE,15.21,54.651862,0.526801,0.139248,0.104773,0.800827,0.302467,0.463009,0.556448,0.62703,0.677581,-0.475246,0.11528,-0.726135,-0.096623,-0.595578,-0.552741,-0.501849,-0.431524,-0.290944,0.152408,0.081694,-0.214634,0.413276,0.052873,0.095684,0.150433,0.20901,0.259681,-0.070269,0.0775,-0.325601,0.225033,-0.169934,-0.119334,-0.068328,-0.017523,0.017535,0.995314,73.790092,-5220.0,1026.25,2.519705,2.519705,2.519705,2.519705,2.519705,267.787,PRE_INTERVENTION,36NXF,135.0,02.14,,,,,,,,,
2020-10-23,sentinel2,20201023T075001_20201023T075216_T36NXF,PRE,28.01,21.666951,0.557937,0.13895,-0.076308,0.828159,0.349635,0.470767,0.587751,0.665982,0.712671,-0.482453,0.116961,-0.726352,-0.019246,-0.615047,-0.572281,-0.509691,-0.404324,-0.302935,0.225134,0.076279,-0.153918,0.456544,0.130919,0.177796,0.228555,0.27539,0.318338,-0.140731,0.081494,-0.442377,0.249624,-0.236398,-0.197309,-0.146476,-0.095625,-0.041097,2.259883,95.144909,-4815.0,5130.0,-9.280327,3.876538,3.876538,3.876538,3.876538,289.296,PRE_INTERVENTION,36NXF,135.0,02.14,,,,,,,,,
2020-10-28,sentinel2,20201028T075029_20201028T080456_T36NXF,PRE,0.0,39.785882,0.657416,0.092162,0.200109,0.872079,0.548874,0.607304,0.665917,0.720848,0.763778,-0.599092,0.064343,-0.791153,-0.257478,-0.677625,-0.642582,-0.599578,-0.556628,-0.521506,0.18362,0.077646,-0.178828,0.436481,0.088127,0.138707,0.185654,0.236164,0.275516,-0.094925,0.080634,-0.360183,0.225627,-0.193299,-0.14641,-0.095728,-0.044798,0.005747,1.820645,0.379331,0.374181,10.968889,1.345403,1.594279,1.844588,2.030217,2.216807,298.267,PRE_INTERVENTION,36NXF,135.0,02.14,,,,,,,,,
2020-11-01,viirs,20201101,PRE,0.0,,,,,,,,,,,,,,,,,,,,,,,,,,,,,,,,,,,,,,,,,,,,,,,302.941,PRE_INTERVENTION,,,,0.707581,0.214963,0.49,1.3,0.5,0.58,0.68,0.77,1.06
2020-11-02,sentinel2,20201102T075101_20201102T075217_T36NXF,PRE,0.0,32.939967,0.690075,0.087871,0.198926,0.893529,0.583997,0.642666,0.701146,0.751871,0.790952,-0.617613,0.062663,-0.81205,-0.284507,-0.697207,-0.658227,-0.619224,-0.576267,-0.541016,0.224456,0.072164,-0.164575,0.452816,0.138713,0.181694,0.228561,0.271511,0.31065,-0.134182,0.078547,-0.395843,0.228288,-0.22866,-0.185548,-0.138661,-0.088014,-0.041035,1.748978,0.297458,0.367052,7.149846,1.39089,1.608974,1.796945,1.952617,2.07777,302.941,PRE_INTERVENTION,36NXF,135.0,02.14,,,,,,,,,
2020-11-22,sentinel2,20201122T075241_20201122T075235_T36NXF,PRE,1.87,13.746375,0.65243,0.090416,0.215196,0.870349,0.541053,0.603546,0.662075,0.712739,0.759627,-0.584251,0.065859,-0.753227,-0.235409,-0.66223,-0.627026,-0.587951,-0.548822,-0.5061,0.185147,0.081295,-0.180906,0.460628,0.087885,0.134804,0.185595,0.236225,0.287083,-0.097062,0.082393,-0.377149,0.243119,-0.200937,-0.150423,-0.095756,-0.044921,0.001961,1.894926,5.670475,-344.130435,267.45098,1.904975,1.904975,1.904975,1.904975,1.904975,365.323,PRE_INTERVENTION,36NXF,135.0,02.14,,,,,,,,,
2020-11-27,sentinel2,20201127T075249_20201127T080530_T36NXF,PRE,0.0,47.827279,0.717185,0.08701,0.188736,0.918301,0.611467,0.669815,0.724666,0.775457,0.818202,-0.632449,0.063602,-0.830023,-0.261383,-0.716938,-0.673763,-0.630749,-0.591839,-0.560563,0.233529,0.078853,-0.154061,0.496302,0.138801,0.185568,0.236372,0.283217,0.326418,-0.149015,0.085579,-0.451178,0.223506,-0.256118,-0.201167,-0.150375,-0.095875,-0.045005,1.922565,0.340523,0.321904,11.139896,1.471422,1.719052,1.969122,2.15598,2.278122,363.433,PRE_INTERVENTION,36NXF,135.0,02.14,,,,,,,,,
2020-12-01,viirs,20201201,PRE,0.0,,,,,,,,,,,,,,,,,,,,,,,,,,,,,,,,,,,,,,,,,,,,,,,453.95,PRE_INTERVENTION,,,,0.721877,0.243349,0.4,1.45,0.55,0.58,0.7,0.84,0.95
2020-12-02,sentinel2,20201202T075311_20201202T075305_T36NXF,PRE,29.38,19.509495,0.572236,0.129837,-0.015582,0.827302,0.380805,0.513565,0.599684,0.662162,0.712891,-0.490768,0.111225,-0.723264,-0.071678,-0.611341,-0.56831,-0.513682,-0.435629,-0.318293,0.234347,0.081614,-0.099526,0.507777,0.134831,0.177822,0.232361,0.28726,0.341631,-0.147289,0.092072,-0.547495,0.23713,-0.267571,-0.209011,-0.146671,-0.087907,-0.03701,2.541813,94.43394,-5415.0,2500.0,3.679249,3.679249,3.679249,3.679249,3.679249,453.95,PRE_INTERVENTION,36NXF,135.0,02.14,,,,,,,,,
2020-12-07,sentinel2,20201207T075319_20201207T080629_T36NXF,PRE,28.12,13.804521,0.590478,0.142563,-0.011699,0.839567,0.388982,0.529279,0.619076,0.689468,0.740314,-0.525863,0.116414,-0.733302,-0.062355,-0.642735,-0.603435,-0.552604,-0.486199,-0.350061,0.168205,0.085288,-0.15805,0.490391,0.064334,0.107295,0.165933,0.224689,0.283434,-0.095414,0.091347,-0.421264,0.258881,-0.216627,-0.154301,-0.091729,-0.037083,0.017489,3.681626,169.743724,-1532.5,14410.0,2.626678,2.626678,2.626678,2.626678,2.626678,387.532,PRE_INTERVENTION,36NXF,135.0,02.14,,,,,,,,,
2020-12-12,sentinel2,20201212T075321_20201212T075322_T36NXF,PRE,0.0,3.635304,0.662359,0.08747,0.219192,0.870678,0.55278,0.611225,0.669817,0.720711,0.771414,-0.600248,0.058992,-0.786044,-0.285919,-0.677793,-0.63467,-0.599648,-0.564476,-0.533197,0.181429,0.082889,-0.226971,0.481406,0.083948,0.130798,0.181757,0.232522,0.283125,-0.096118,0.085489,-0.414059,0.257518,-0.205238,-0.150559,-0.095729,-0.041047,0.001972,1.749993,0.331166,0.3684,4.287234,1.305302,1.539264,1.789479,1.992075,2.148676,324.925,PRE_INTERVENTION,36NXF,135.0,02.14,,,,,,,,,
2020-12-17,sentinel2,20201217T075229_20201217T080513_T36NXF,PRE,0.15,42.847233,0.572112,0.083682,0.228625,0.800294,0.466763,0.517621,0.576215,0.630857,0.677744,-0.529024,0.057391,-0.71195,-0.268246,-0.604638,-0.565429,-0.526301,-0.493193,-0.459992,0.158277,0.07877,-0.173023,0.457769,0.064415,0.111388,0.154298,0.205157,0.259653,-0.075217,0.077437,-0.374705,0.193046,-0.173839,-0.122886,-0.072313,-0.025474,0.021359,2.042723,1.618662,-20.300926,75.037037,1.302308,1.754813,1.754813,2.222526,2.702835,256.282,PRE_INTERVENTION,36NXF,135.0,02.14,,,,,,,,,
2020-12-22,sentinel2,20201222T075331_20201222T075331_T36NXF,PRE,0.0,7.185212,0.580714,0.099496,0.212321,0.831476,0.451086,0.517513,0.587815,0.646564,0.701141,-0.555078,0.062497,-0.746083,-0.293396,-0.637623,-0.592639,-0.55364,-0.516614,-0.481382,0.104903,0.085681,-0.258528,0.416392,0.005848,0.052625,0.099691,0.154305,0.212877,-0.017631,0.085129,-0.33703,0.273467,-0.126633,-0.0683,-0.013681,0.036993,0.084074,1.551734,0.409055,0.363155,4.282193,1.006987,1.257493,1.554582,1.851803,2.086432,200.621,PRE_INTERVENTION,36NXF,135.0,02.14,,,,,,,,,
2020-12-27,sentinel2,20201227T075239_20201227T080515_T36NXF,PRE,5.93,34.919748,0.599013,0.083574,0.241016,0.822768,0.490186,0.545003,0.607406,0.654348,0.701057,-0.554381,0.054644,-0.741838,-0.285234,-0.625832,-0.588958,-0.551743,-0.520472,-0.489206,0.141212,0.080168,-0.237573,0.423222,0.048484,0.091786,0.138797,0.189364,0.240054,-0.066457,0.07862,-0.34207,0.256883,-0.165944,-0.115152,-0.064488,-0.01749,0.025238,1.871512,0.437655,0.520772,3.693642,1.288569,1.57072,1.867238,2.179564,2.445826,169.269,PRE_INTERVENTION,36NXF,135.0,02.14,,,,,,,,,
2021-01-01,sentinel2,20210101T075331_20210101T075325_T36NXF,PRE,7.3,57.497501,0.473027,0.09934,0.243302,0.874622,0.361464,0.400466,0.455137,0.525609,0.615381,-0.432198,0.097935,-0.801379,-0.233132,-0.57644,-0.486288,-0.412171,-0.35742,-0.322142,0.161018,0.038028,-0.054896,0.395055,0.122062,0.139682,0.157224,0.178707,0.204129,-0.068599,0.052268,-0.34603,0.20521,-0.126947,-0.099642,-0.072185,-0.037137,-0.005975,2.291942,58.438855,-2425.0,2387.5,3.065499,3.065499,3.065499,3.065499,3.065499,56.581,PRE_INTERVENTION,36NXF,135.0,02.14,,,,,,,,,
2021-01-01,viirs,20210101,PRE,0.0,,,,,,,,,,,,,,,,,,,,,,,,,,,,,,,,,,,,,,,,,,,,,,,56.581,PRE_INTERVENTION,,,,0.386832,0.097369,0.22,0.58,0.26,0.32,0.39,0.46,0.48
2021-01-06,sentinel2,20210106T075219_20210106T080451_T36NXF,PRE,0.0,4.158636,0.60623,0.106432,0.199252,0.845108,0.462826,0.537023,0.619114,0.68163,0.732282,-0.574831,0.065991,-0.774562,-0.256625,-0.658181,-0.615178,-0.576112,-0.537138,-0.494281,0.103313,0.095627,-0.267112,0.44097,-0.009802,0.04501,0.099543,0.162078,0.220646,-0.02697,0.094631,-0.366543,0.28156,-0.146375,-0.083887,-0.025279,0.033162,0.087658,1.646572,0.430972,0.350695,3.20622,1.054971,1.335639,1.664461,1.991892,2.211107,69.264,PRE_INTERVENTION,36NXF,135.0,02.14,,,,,,,,,
2021-01-26,sentinel2,20210126T075109_20210126T080454_T36NXF,PRE,0.0,4.672891,0.596898,0.103585,0.19269,0.829159,0.454994,0.533118,0.611367,0.66991,0.720807,-0.566284,0.065752,-0.759008,-0.32289,-0.649398,-0.608357,-0.569324,-0.52827,-0.479399,0.104342,0.092592,-0.222494,0.432888,-0.013609,0.048879,0.107507,0.162014,0.220756,-0.0358,0.090046,-0.357824,0.237395,-0.150436,-0.091622,-0.037075,0.021575,0.079856,1.642586,0.40373,0.303174,4.502741,1.079916,1.358824,1.671449,1.953277,2.139734,90.974,PRE_INTERVENTION,36NXF,135.0,02.14,,,,,,,,,
2021-01-31,sentinel2,20210131T075141_20210131T075212_T36NXF,PRE,0.0,2.639062,0.55466,0.115227,0.168884,0.828469,0.40045,0.474666,0.564365,0.638761,0.697295,-0.547884,0.071685,-0.756126,-0.290461,-0.637588,-0.594764,-0.551712,-0.504873,-0.45406,0.062983,0.094792,-0.258137,0.418765,-0.056545,0.001698,0.060584,0.123202,0.181586,0.018156,0.091727,-0.326158,0.287294,-0.099652,-0.037124,0.021495,0.079909,0.134782,1.346817,0.384467,0.252155,3.009807,0.835126,1.05467,1.351817,1.648387,1.85114,81.95,PRE_INTERVENTION,36NXF,135.0,02.14,,,,,,,,,
2021-02-01,viirs,20210201,PRE,0.0,,,,,,,,,,,,,,,,,,,,,,,,,,,,,,,,,,,,,,,,,,,,,,,65.015,PRE_INTERVENTION,,,,0.581754,0.161344,0.42,1.05,0.44,0.51,0.55,0.61,0.8
2021-02-05,sentinel2,20210205T075019_20210205T080523_T36NXF,PRE,0.6,1.214422,0.503134,0.115122,0.122518,0.789208,0.349654,0.41996,0.501873,0.591617,0.650313,-0.516653,0.071575,-0.7346,-0.14544,-0.607649,-0.56441,-0.517516,-0.4707,-0.423802,0.023561,0.097173,-0.270936,0.385392,-0.095654,-0.041086,0.02143,0.084019,0.14644,0.053708,0.091555,-0.281113,0.284047,-0.064678,-0.001989,0.060509,0.119038,0.165927,1.310731,1.643506,-68.095238,119.938272,0.794148,0.794148,1.43718,1.43718,1.43718,59.37,PRE_INTERVENTION,36NXF,135.0,02.14,,,,,,,,,
2021-02-10,sentinel2,20210210T075041_20210210T075211_T36NXF,PRE,0.0,12.631378,0.493514,0.113939,0.182045,0.791024,0.341812,0.411935,0.494153,0.583981,0.638495,-0.52643,0.06863,-0.743574,-0.301541,-0.61432,-0.571296,-0.528336,-0.481435,-0.438425,0.015072,0.092399,-0.254024,0.342886,-0.099547,-0.048715,0.009699,0.072214,0.130895,0.084272,0.087624,-0.233993,0.295612,-0.029154,0.029249,0.091735,0.146594,0.193225,1.044504,0.331578,0.260505,2.038069,0.628423,0.785421,1.019872,1.300952,1.503622,45.826,PRE_INTERVENTION,36NXF,135.0,02.14,,,,,,,,,
2021-02-15,sentinel2,20210215T075009_20210215T080449_T36NXF,PRE,0.0,1.486415,0.535971,0.108879,0.198004,0.801444,0.385033,0.462888,0.541106,0.619057,0.669917,-0.532622,0.065452,-0.73881,-0.29982,-0.61613,-0.575186,-0.534131,-0.491315,-0.446384,0.040267,0.097577,-0.281895,0.388261,-0.084114,-0.025585,0.040973,0.103477,0.162127,0.039819,0.092307,-0.290108,0.312899,-0.076123,-0.017693,0.04105,0.103464,0.158173,1.409497,0.418883,0.281806,3.80778,0.851586,1.101788,1.39771,1.741828,1.975765,50.579,PRE_INTERVENTION,36NXF,135.0,02.14,,,,,,,,,
2021-02-20,sentinel2,20210220T074941_20210220T075211_T36NXF,PRE,0.0,30.848726,0.39541,0.04421,0.261127,0.532439,0.331072,0.368186,0.401359,0.426728,0.448227,-0.385905,0.029283,-0.491119,-0.29034,-0.422416,-0.405718,-0.388163,-0.368674,-0.34423,0.067996,0.051602,-0.105263,0.231717,-0.00089,0.034174,0.069269,0.102557,0.131752,0.007993,0.042442,-0.123477,0.139282,-0.043914,-0.020479,0.004913,0.036152,0.065391,1.413529,0.242095,0.639488,2.177398,1.089814,1.246353,1.42602,1.597769,1.730161,72.846,PRE_INTERVENTION,36NXF,135.0,02.14,,,,,,,,,
2021-03-01,viirs,20210301,PRE,0.0,,,,,,,,,,,,,,,,,,,,,,,,,,,,,,,,,,,,,,,,,,,,,,,81.241,PRE_INTERVENTION,,,,0.880749,0.253393,0.57,1.83,0.7,0.77,0.87,0.94,1.04
2021-03-02,sentinel2,20210302T074831_20210302T075213_T36NXF,PRE,0.0,5.734045,0.488763,0.12458,0.155018,0.784329,0.310588,0.400508,0.494332,0.587897,0.646603,-0.511774,0.075342,-0.723325,-0.247071,-0.606461,-0.563476,-0.518515,-0.46207,-0.403227,-0.000662,0.098662,-0.275662,0.347744,-0.126962,-0.068391,-0.001946,0.064468,0.123106,0.081758,0.09182,-0.257121,0.309007,-0.037316,0.017482,0.088011,0.150476,0.201201,1.139156,0.392688,0.202502,3.567131,0.633305,0.835877,1.117389,1.44492,1.680222,81.241,PRE_INTERVENTION,36NXF,135.0,02.14,,,,,,,,,
2021-03-07,sentinel2,20210307T074749_20210307T080446_T36NXF,PRE,3.08,12.959158,0.449042,0.130915,0.04457,0.793048,0.271406,0.34952,0.447288,0.548749,0.619257,-0.460699,0.098066,-0.72746,-0.122526,-0.57234,-0.529335,-0.474709,-0.400587,-0.326154,0.004144,0.097749,-0.374642,0.370965,-0.11919,-0.060544,0.00179,0.064451,0.130714,0.060117,0.094563,-0.298852,0.349217,-0.064723,-0.001933,0.064402,0.127045,0.181672,1.052117,54.550975,-5430.0,366.428571,1.61329,1.61329,1.61329,1.61329,1.61329,89.182,PRE_INTERVENTION,36NXF,135.0,02.14,,,,,,,,,
2021-03-12,sentinel2,20210312T074721_20210312T075212_T36NXF,PRE,0.0,1.106632,0.503444,0.127205,0.157273,0.812876,0.326128,0.411867,0.509587,0.603436,0.662087,-0.523926,0.075954,-0.746145,-0.285123,-0.620143,-0.575238,-0.528374,-0.471682,-0.417122,0.00716,0.096505,-0.340072,0.330861,-0.119024,-0.060319,0.005913,0.072291,0.130792,0.060279,0.091886,-0.259118,0.353266,-0.060463,-0.001997,0.06451,0.130785,0.177862,1.163699,0.393471,0.204154,2.814048,0.647984,0.867366,1.148473,1.476637,1.695421,99.618,PRE_INTERVENTION,36NXF,135.0,02.14,,,,,,,,,
2021-03-22,sentinel2,20210322T074611_20210322T075211_T36NXF,PRE,0.0,47.220306,0.537078,0.120552,0.166038,0.840723,0.36511,0.459224,0.552683,0.623039,0.68154,-0.535135,0.068854,-0.762574,-0.28249,-0.623972,-0.579308,-0.536185,-0.491362,-0.444299,0.069761,0.096851,-0.290899,0.370587,-0.060546,0.009828,0.076302,0.134744,0.189365,0.024319,0.096366,-0.264341,0.321423,-0.095677,-0.041086,0.017633,0.087926,0.158348,1.274836,0.394478,0.21734,3.250241,0.725845,0.992618,1.305545,1.569681,1.773821,72.909,PRE_INTERVENTION,36NXF,135.0,02.14,,,,,,,,,
2021-04-01,sentinel2,20210401T074611_20210401T075209_T36NXF,PRE,0.0,6.35467,0.568677,0.127383,0.161553,0.87437,0.388678,0.482478,0.587814,0.658131,0.720593,-0.556179,0.070694,-0.797022,-0.246082,-0.646672,-0.603582,-0.556669,-0.509783,-0.462957,0.088703,0.102857,-0.26522,0.440544,-0.048748,0.021485,0.0957,0.158034,0.216631,0.007314,0.105525,-0.344065,0.318301,-0.123088,-0.064443,-0.001914,0.080023,0.154325,1.389756,0.444511,0.200778,4.051344,0.773299,1.054467,1.429651,1.72702,1.94567,94.678,PRE_INTERVENTION,36NXF,135.0,03.00,,,,,,,,,
2021-04-01,viirs,20210401,PRE,91.9,,,,,,,,,,,,,,,,,,,,,,,,,,,,,,,,,,,,,,,,,,,,,,,94.678,HIGH_AOI_CLOUD|PRE_INTERVENTION,,,,0.55,0.0,0.55,0.55,0.55,0.55,0.55,0.55,0.55
2021-04-06,sentinel2,20210406T074609_20210406T080531_T36NXF,PRE,0.0,3.482971,0.585784,0.126479,0.164226,0.877209,0.404166,0.505878,0.60732,0.673975,0.736537,-0.56004,0.071758,-0.808135,-0.274292,-0.650045,-0.607163,-0.560571,-0.513601,-0.466782,0.108882,0.100692,-0.247126,0.423344,-0.025397,0.041067,0.115329,0.181653,0.232619,-0.017159,0.103643,-0.337654,0.289712,-0.146464,-0.08785,-0.025491,0.052648,0.126993,1.520921,0.464354,0.221005,3.757741,0.851302,1.211168,1.585721,1.86748,2.071491,171.726,PRE_INTERVENTION,36NXF,135.0,03.00,,,,,,,,,
2021-04-11,sentinel2,20210411T074611_20210411T075207_T36NXF,PRE,0.0,12.345819,0.566481,0.11667,0.167984,0.832413,0.404327,0.490205,0.584008,0.64655,0.708786,-0.545504,0.068194,-0.766345,-0.274712,-0.633948,-0.590767,-0.543943,-0.501068,-0.458078,0.135673,0.086272,-0.161098,0.401683,0.017846,0.080134,0.138604,0.193386,0.244157,-0.032145,0.091198,-0.307366,0.233091,-0.146725,-0.095737,-0.037002,0.033229,0.09576,1.399425,0.403261,0.253001,4.235388,0.821083,1.1167,1.444861,1.696014,1.883042,231.634,PRE_INTERVENTION,36NXF,135.0,03.00,,,,,,,,,
2021-04-26,sentinel2,20210426T074609_20210426T080448_T36NXF,PRE,0.11,15.06084,0.643617,0.111006,0.205642,0.891024,0.490198,0.580157,0.658139,0.720768,0.775389,-0.585551,0.072257,-0.807629,-0.234056,-0.677592,-0.634619,-0.587891,-0.54105,-0.494123,0.181731,0.086187,-0.170634,0.451852,0.072253,0.126957,0.181783,0.24044,0.291007,-0.085949,0.09279,-0.39839,0.253623,-0.200984,-0.146424,-0.087891,-0.029281,0.037017,2.289695,45.510359,-124.583333,4637.5,1.853903,1.853903,1.853903,1.853903,1.853903,368.861,PRE_INTERVENTION,36NXF,135.0,03.00,,,,,,,,,
2021-05-01,viirs,20210501,PRE,0.0,,,,,,,,,,,,,,,,,,,,,,,,,,,,,,,,,,,,,,,,,,,,,,,406.573,PRE_INTERVENTION,,,,0.750133,0.186161,0.54,1.29,0.57,0.65,0.8,0.81,0.96
2021-05-06,sentinel2,20210506T074609_20210506T080443_T36NXF,PRE,22.57,37.362533,0.678383,0.094478,0.221116,0.894077,0.552912,0.623143,0.68937,0.744025,0.790887,-0.609785,0.062028,-0.811414,-0.266048,-0.689273,-0.650465,-0.60745,-0.568426,-0.533245,0.21302,0.077527,-0.107245,0.46435,0.115245,0.166057,0.216943,0.26751,0.310378,-0.114187,0.086206,-0.411163,0.233073,-0.224641,-0.173677,-0.115169,-0.060426,-0.002182,1.801814,0.378697,0.308426,9.92674,1.28479,1.594272,1.844561,2.094072,2.217458,399.975,PRE_INTERVENTION,36NXF,135.0,03.00,,,,,,,,,
2021-05-16,sentinel2,20210516T074609_20210516T080452_T36NXF,PRE,0.0,1.392036,0.681719,0.090418,0.219684,0.878078,0.560843,0.634751,0.68945,0.744168,0.787008,-0.608348,0.059398,-0.786667,-0.312205,-0.684592,-0.647447,-0.608358,-0.571276,-0.534226,0.202655,0.082147,-0.21047,0.471658,0.099679,0.150366,0.205234,0.259724,0.306655,-0.114479,0.087164,-0.418125,0.274957,-0.224566,-0.173922,-0.115245,-0.05666,-0.005911,2.006214,0.403056,0.335871,4.127684,1.43001,1.78807,2.07019,2.304763,2.460662,450.605,PRE_INTERVENTION,36NXF,135.0,03.00,,,,,,,,,
2021-05-21,sentinel2,20210521T074611_20210521T075213_T36NXF,PRE,3.68,20.870399,0.63246,0.112041,0.163554,0.871574,0.474901,0.576195,0.650241,0.70908,0.759641,-0.567333,0.088122,-0.768309,-0.171985,-0.665999,-0.62309,-0.576314,-0.529223,-0.459169,0.200901,0.07829,-0.109736,0.465906,0.103626,0.146547,0.197275,0.251899,0.302627,-0.103152,0.082678,-0.383405,0.231654,-0.212955,-0.158118,-0.103524,-0.048791,-0.002144,2.226263,29.070156,-482.068966,2757.5,2.010533,2.010533,2.010533,2.010533,2.010533,430.611,PRE_INTERVENTION,36NXF,135.0,03.00,,,,,,,,,
2021-05-26,sentinel2,20210526T074609_20210526T080454_T36NXF,PRE,0.12,16.457055,0.677686,0.093075,0.206459,0.872838,0.556713,0.626884,0.68953,0.740122,0.787065,-0.610812,0.063445,-0.783394,-0.262637,-0.689521,-0.654314,-0.611473,-0.572237,-0.533153,0.19382,0.08607,-0.192638,0.459751,0.088158,0.13866,0.193254,0.251954,0.306504,-0.10906,0.089874,-0.394318,0.252603,-0.224492,-0.170009,-0.107445,-0.052686,0.001942,2.06022,4.633249,-32.902174,463.0,1.6247,1.6247,2.288999,2.288999,2.288999,368.295,PRE_INTERVENTION,36NXF,135.0,03.00,,,,,,,,,
2021-06-01,viirs,20210601,PRE,0.0,,,,,,,,,,,,,,,,,,,,,,,,,,,,,,,,,,,,,,,,,,,,,,,289.539,PRE_INTERVENTION,,,,0.637012,0.196463,0.42,1.21,0.47,0.54,0.58,0.72,0.89
2021-06-05,sentinel2,20210605T074609_20210605T080534_T36NXF,PRE,0.0,1.990634,0.648874,0.089985,0.188999,0.854394,0.529238,0.599696,0.658018,0.709065,0.755647,-0.595495,0.058348,-0.769817,-0.297256,-0.670878,-0.633802,-0.594712,-0.559555,-0.524268,0.162208,0.085521,-0.244121,0.429331,0.060323,0.107403,0.162065,0.216943,0.271493,-0.072622,0.086584,-0.350032,0.277444,-0.185481,-0.127131,-0.072255,-0.017633,0.03311,1.853233,0.396487,0.388552,3.927406,1.304613,1.616795,1.914142,2.132144,2.319343,233.607,PRE_INTERVENTION,36NXF,135.0,03.00,,,,,,,,,
2021-06-10,sentinel2,20210610T074611_20210610T075213_T36NXF,PRE,0.0,1.474069,0.645904,0.097204,0.191149,0.872645,0.517677,0.591723,0.658234,0.709004,0.763894,-0.598291,0.061598,-0.792659,-0.276124,-0.677823,-0.638564,-0.595705,-0.560657,-0.521479,0.150371,0.087415,-0.25246,0.437077,0.045003,0.095827,0.146602,0.20509,0.263517,-0.057207,0.08985,-0.356108,0.281725,-0.173896,-0.111402,-0.052596,-0.001945,0.052654,1.676472,0.376451,0.308957,3.176544,1.147995,1.445723,1.726045,1.94552,2.132221,131.437,PRE_INTERVENTION,36NXF,135.0,03.00,,,,,,,,,
2021-06-15,sentinel2,20210615T074609_20210615T080454_T36NXF,PRE,1.86,49.165146,0.611601,0.110578,0.013395,0.855852,0.466923,0.548916,0.626968,0.685637,0.740134,-0.594192,0.079974,-0.809117,-0.037868,-0.685398,-0.642591,-0.599709,-0.556706,-0.505795,0.152073,0.081347,-0.205752,0.424381,0.052728,0.103535,0.150416,0.2012,0.255949,-0.040331,0.084706,-0.315627,0.259572,-0.150213,-0.091687,-0.037009,0.013618,0.064462,1.400526,2.586437,-47.83237,185.967742,0.812488,1.446695,1.446695,1.446695,1.446695,83.843,PRE_INTERVENTION,36NXF,135.0,03.00,,,,,,,,,
2021-06-20,sentinel2,20210620T074611_20210620T075213_T36NXF,PRE,0.0,5.13556,0.656417,0.094852,0.202275,0.894405,0.533243,0.603493,0.665993,0.71685,0.771446,-0.617933,0.064592,-0.851262,-0.218088,-0.704989,-0.658191,-0.611416,-0.576258,-0.544921,0.177376,0.079712,-0.214849,0.443775,0.080169,0.130799,0.173827,0.224571,0.279328,-0.058609,0.086106,-0.337733,0.286419,-0.169667,-0.111244,-0.056529,-0.005983,0.044923,1.354792,0.741842,-63.184713,5.320856,0.848207,1.290999,1.290999,1.644374,1.644374,115.323,PRE_INTERVENTION,36NXF,135.0,03.00,,,,,,,,,
2021-06-30,sentinel2,20210630T074611_20210630T080821_T36NXF,PRE,26.56,24.002366,0.505496,0.115329,-0.023459,0.770841,0.345738,0.427823,0.521545,0.591788,0.6386,-0.452552,0.098895,-0.695915,-0.044739,-0.564333,-0.521542,-0.470523,-0.388324,-0.306856,0.150396,0.079637,-0.173673,0.429888,0.056406,0.103564,0.146629,0.197197,0.255648,-0.064106,0.076568,-0.332701,0.206782,-0.162151,-0.107299,-0.064624,-0.017728,0.029611,2.692101,51.799771,-1451.666667,3715.0,2.860077,2.860077,2.860077,2.860077,2.860077,122.588,PRE_INTERVENTION,36NXF,135.0,03.00,,,,,,,,,
2021-07-01,viirs,20210701,PRE,0.0,,,,,,,,,,,,,,,,,,,,,,,,,,,,,,,,,,,,,,,,,,,,,,,130.63,PRE_INTERVENTION,,,,0.501995,0.187883,0.23,0.88,0.29,0.4,0.51,0.55,0.87
2021-07-05,sentinel2,20210705T074619_20210705T080448_T36NXF,PRE,6.89,7.990876,0.528572,0.129467,0.069538,0.853697,0.35352,0.447412,0.54102,0.623176,0.681801,-0.513448,0.105157,-0.801274,-0.086654,-0.626886,-0.579984,-0.53316,-0.470815,-0.37287,0.084767,0.086948,-0.212933,0.4119,-0.025277,0.029421,0.083937,0.134759,0.193319,-0.002626,0.089783,-0.320853,0.269437,-0.115334,-0.056588,-0.002067,0.060557,0.111499,1.56527,72.368568,-5320.0,2990.0,1.846559,1.846559,1.846559,1.846559,1.846559,145.59,PRE_INTERVENTION,36NXF,135.0,03.01,,,,,,,,,
2021-07-10,sentinel2,20210710T074611_20210710T075215_T36NXF,PRE,0.0,47.677661,0.598345,0.110871,0.177447,0.869631,0.447386,0.525574,0.611301,0.673742,0.736261,-0.570749,0.067626,-0.791165,-0.230632,-0.661943,-0.611388,-0.568274,-0.525355,-0.486291,0.116672,0.096824,-0.216184,0.452614,-0.006074,0.048813,0.11535,0.177678,0.244279,-0.015725,0.099584,-0.368566,0.304684,-0.142438,-0.076262,-0.013788,0.052665,0.11133,1.509198,0.420761,0.310295,6.360178,0.954752,1.203187,1.54741,1.828297,2.046434,135.906,PRE_INTERVENTION,36NXF,135.0,03.01,,,,,,,,,
2021-07-20,sentinel2,20210720T074621_20210720T075216_T36NXF,PRE,11.34,18.379926,0.511062,0.149974,-0.134825,0.872451,0.308591,0.402251,0.519711,0.629035,0.691347,-0.522164,0.106253,-0.795147,0.003227,-0.642635,-0.591807,-0.533059,-0.463015,-0.396884,0.053307,0.101616,-0.247198,0.402867,-0.076312,-0.021369,0.048793,0.119195,0.181636,0.053067,0.102469,-0.318251,0.339,-0.076197,-0.013711,0.056891,0.130887,0.181488,1.211447,2.542851,-131.195652,116.456311,0.721014,0.721014,1.429163,1.429163,1.429163,109.984,PRE_INTERVENTION,36NXF,135.0,03.01,,,,,,,,,
2021-07-25,sentinel2,20210725T074619_20210725T080455_T36NXF,PRE,0.0,15.680088,0.498966,0.135981,0.122648,0.836045,0.314173,0.392496,0.497807,0.607296,0.673714,-0.531357,0.080966,-0.796296,-0.244529,-0.634774,-0.587923,-0.533125,-0.47077,-0.423911,0.005358,0.106426,-0.277308,0.393538,-0.123059,-0.072145,-0.001769,0.072233,0.146393,0.079357,0.102969,-0.314449,0.306918,-0.06024,0.01357,0.091838,0.158169,0.201213,1.196148,0.470831,0.219312,2.50686,0.601937,0.82107,1.149184,1.570476,1.851109,86.2,PRE_INTERVENTION,36NXF,135.0,03.01,,,,,,,,,
2021-08-01,viirs,20210801,PRE,0.0,,,,,,,,,,,,,,,,,,,,,,,,,,,,,,,,,,,,,,,,,,,,,,,62.073,PRE_INTERVENTION,,,,0.979232,0.144745,0.78,1.47,0.85,0.9,0.93,1.06,1.13
2021-08-04,sentinel2,20210804T074609_20210804T080534_T36NXF,PRE,0.0,2.257362,0.469487,0.138807,0.132374,0.837364,0.282871,0.361406,0.466921,0.580136,0.650266,-0.508302,0.083472,-0.776775,-0.197626,-0.615297,-0.564415,-0.50965,-0.447204,-0.400326,-0.019175,0.105998,-0.32284,0.381013,-0.146371,-0.095643,-0.029175,0.04896,0.122971,0.100703,0.100478,-0.29647,0.338441,-0.033212,0.037041,0.11528,0.177764,0.220647,1.124855,0.466881,0.22333,2.498647,0.539881,0.741696,1.070384,1.476251,1.789052,52.805,PRE_INTERVENTION,36NXF,135.0,03.01,,,,,,,,,
2021-08-19,sentinel2,20210819T074611_20210819T075215_T36NXF,PRE,1.18,22.659487,0.379171,0.14772,-0.011163,0.81536,0.201289,0.26379,0.361248,0.490273,0.587734,-0.412784,0.120795,-0.739825,-0.040443,-0.560429,-0.502074,-0.419944,-0.337931,-0.236502,-0.036595,0.092131,-0.286842,0.368656,-0.150323,-0.099844,-0.04095,0.017443,0.080319,0.105714,0.09379,-0.287241,0.360869,-0.017237,0.04498,0.111399,0.177674,0.224459,1.118483,26.745984,-2003.333333,1307.5,1.285564,1.285564,1.285564,1.285564,1.285564,76.645,PRE_INTERVENTION,36NXF,135.0,03.01,,,,,,,,,
2021-08-24,sentinel2,20210824T074609_20210824T080452_T36NXF,PRE,0.55,9.399826,0.452166,0.140663,0.104215,0.848235,0.263747,0.341799,0.451085,0.560396,0.634858,-0.486019,0.093499,-0.774068,-0.120387,-0.599759,-0.548903,-0.49023,-0.42781,-0.37705,-0.018057,0.100607,-0.302742,0.378772,-0.142607,-0.087846,-0.021472,0.044922,0.115484,0.095547,0.097036,-0.314274,0.315416,-0.029383,0.033259,0.099572,0.169849,0.216488,1.109123,8.350093,-793.125,63.222222,1.18862,1.18862,1.18862,1.18862,1.18862,105.941,PRE_INTERVENTION,36NXF,135.0,03.01,,,,,,,,,
2021-08-29,sentinel2,20210829T074611_20210829T075214_T36NXF,PRE,0.0,1.150756,0.483499,0.133565,0.146936,0.837413,0.295064,0.380916,0.494234,0.588003,0.650317,-0.509914,0.077279,-0.766161,-0.24841,-0.607464,-0.560662,-0.51384,-0.455125,-0.404306,0.005424,0.10114,-0.338133,0.365206,-0.12303,-0.064559,0.00601,0.07235,0.134772,0.08341,0.097879,-0.277678,0.360082,-0.040915,0.013831,0.083897,0.154385,0.213007,1.132793,0.43519,0.188796,2.525864,0.570294,0.773915,1.11702,1.476474,1.710673,126.298,PRE_INTERVENTION,36NXF,135.0,03.01,,,,,,,,,
2021-09-01,viirs,20210901,PRE,0.0,,,,,,,,,,,,,,,,,,,,,,,,,,,,,,,,,,,,,,,,,,,,,,,131.363,PRE_INTERVENTION,,,,0.523088,0.175671,0.28,0.97,0.36,0.41,0.49,0.65,0.75
2021-09-03,sentinel2,20210903T074609_20210903T080442_T36NXF,PRE,0.0,43.425094,0.437423,0.123861,0.107309,0.853241,0.283281,0.341763,0.427752,0.521436,0.611452,-0.445856,0.0937,-0.806887,-0.210679,-0.572302,-0.510097,-0.43564,-0.377026,-0.330207,0.029231,0.082892,-0.287415,0.405453,-0.076049,-0.021476,0.029281,0.080074,0.130705,0.04752,0.084363,-0.326163,0.33543,-0.056401,-0.005829,0.048698,0.103494,0.154277,0.945605,80.873998,-7950.0,1368.333333,1.937522,1.937522,1.937522,1.937522,1.937522,134.518,PRE_INTERVENTION,36NXF,135.0,03.01,,,,,,,,,
2021-09-08,sentinel2,20210908T074611_20210908T075212_T36NXF,PRE,1.78,29.28631,0.463268,0.129713,0.113899,0.810688,0.290928,0.361396,0.4628,0.568269,0.630695,-0.449949,0.101874,-0.745035,-0.108901,-0.56843,-0.525486,-0.459028,-0.384815,-0.310416,0.059355,0.082824,-0.278157,0.357813,-0.040952,0.013626,0.056531,0.111282,0.162083,0.020745,0.079729,-0.268174,0.29427,-0.07233,-0.02929,0.017735,0.068291,0.126784,1.713518,15.315949,-424.166667,805.909091,1.718167,1.718167,1.718167,1.718167,1.718167,154.048,PRE_INTERVENTION,36NXF,135.0,03.01,,,,,,,,,
2021-09-13,sentinel2,20210913T074609_20210913T080449_T36NXF,PRE,0.0,1.583983,0.565679,0.114013,0.158783,0.851669,0.408222,0.490404,0.58006,0.646481,0.701099,-0.545701,0.066643,-0.767837,-0.2818,-0.629855,-0.588797,-0.545897,-0.50293,-0.457985,0.081971,0.090654,-0.245234,0.367132,-0.040954,0.021589,0.08795,0.142486,0.193344,0.000397,0.091225,-0.286192,0.284926,-0.111051,-0.060631,-0.005974,0.064275,0.123044,1.521546,0.446945,0.240796,3.707349,0.898238,1.210889,1.569841,1.866911,2.069873,164.047,PRE_INTERVENTION,36NXF,135.0,03.01,,,,,,,,,
2021-09-23,sentinel2,20210923T074629_20210923T080449_T36NXF,PRE,0.0,0.975265,0.584707,0.108499,0.16068,0.849778,0.435669,0.521461,0.599646,0.658191,0.716725,-0.552136,0.065288,-0.760911,-0.279344,-0.635887,-0.594674,-0.551688,-0.510875,-0.467723,0.087164,0.083797,-0.226415,0.364291,-0.021347,0.033313,0.087915,0.142489,0.193285,-0.00912,0.084675,-0.288967,0.256198,-0.119057,-0.064532,-0.009795,0.048944,0.103448,1.598329,0.440305,0.238782,4.147821,0.960904,1.304524,1.664006,1.913985,2.132489,183.845,PRE_INTERVENTION,36NXF,135.0,03.01,,,,,,,,,
2021-09-28,sentinel2,20210928T074711_20210928T075216_T36NXF,PRE,0.0,24.784069,0.61361,0.10424,0.181106,0.874179,0.470126,0.556481,0.627043,0.685566,0.74041,-0.567182,0.063703,-0.780757,-0.244478,-0.650569,-0.607459,-0.564511,-0.529452,-0.486415,0.132003,0.079716,-0.222893,0.380466,0.02545,0.080187,0.134617,0.185594,0.232584,-0.037994,0.084079,-0.315198,0.267536,-0.146504,-0.095582,-0.040907,0.013816,0.076003,1.607207,0.401831,0.265575,3.772348,1.023776,1.351388,1.664709,1.898706,2.071096,194.061,PRE_INTERVENTION,36NXF,135.0,03.01,,,,,,,,,
2021-10-01,viirs,20211001,PRE,0.0,,,,,,,,,,,,,,,,,,,,,,,,,,,,,,,,,,,,,,,,,,,,,,,198.655,PRE_INTERVENTION,,,,0.711033,0.264552,0.46,1.75,0.58,0.63,0.71,0.78,0.81
2021-10-08,sentinel2,20211008T074821_20211008T075216_T36NXF,PRE,0.0,46.488479,0.65846,0.095414,0.172961,0.914866,0.537188,0.603455,0.662069,0.724849,0.775249,-0.597071,0.062889,-0.823231,-0.296561,-0.677834,-0.638668,-0.595678,-0.556688,-0.521577,0.173433,0.074063,-0.211494,0.445989,0.079957,0.130777,0.173893,0.224547,0.263761,-0.076959,0.081826,-0.418215,0.282348,-0.177814,-0.130857,-0.080057,-0.029325,0.029354,1.709045,0.395744,0.275009,5.178366,1.202926,1.483807,1.735014,1.952674,2.14048,227.393,PRE_INTERVENTION,36NXF,135.0,03.01,,,,,,,,,
2021-10-13,sentinel2,20211013T074849_20211013T080454_T36NXF,PRE,0.0,19.853279,0.669945,0.097418,0.197637,0.891787,0.544968,0.615174,0.681496,0.74003,0.783261,-0.60338,0.062089,-0.793953,-0.29572,-0.682689,-0.64545,-0.604457,-0.565396,-0.526343,0.163155,0.082794,-0.199909,0.416321,0.056649,0.111312,0.165859,0.22076,0.267593,-0.083685,0.08775,-0.342891,0.253891,-0.19335,-0.142537,-0.084031,-0.02928,0.029552,1.883622,0.411013,0.315075,4.049443,1.321173,1.649128,1.94497,2.180209,2.350816,204.988,PRE_INTERVENTION,36NXF,135.0,03.01,,,,,,,,,
2021-10-18,sentinel2,20211018T074931_20211018T075219_T36NXF,PRE,15.52,5.437646,0.303661,0.077411,0.147223,0.5733,0.202097,0.239294,0.301828,0.356442,0.40918,-0.275192,0.075413,-0.504036,-0.128381,-0.377799,-0.329238,-0.274341,-0.208021,-0.176722,0.055466,0.033975,-0.002207,0.168559,0.015137,0.023952,0.053246,0.077662,0.103022,-0.021182,0.018258,-0.129118,0.066936,-0.043445,-0.028865,-0.019031,-0.010247,-0.00247,2.875574,122.60766,-4635.0,7670.0,-7.2976,-7.2976,5.144669,5.144669,5.144669,191.405,PRE_INTERVENTION,36NXF,135.0,03.01,,,,,,,,,
2021-10-23,sentinel2,20211023T074959_20211023T080455_T36NXF,PRE,0.0,2.904257,0.665352,0.097107,0.189613,0.888696,0.541433,0.615209,0.677708,0.732459,0.779304,-0.598777,0.062441,-0.777055,-0.297431,-0.676617,-0.641594,-0.600593,-0.559709,-0.520484,0.165966,0.085343,-0.214592,0.415295,0.056707,0.115331,0.169974,0.224643,0.271378,-0.090136,0.088611,-0.351472,0.245958,-0.201066,-0.15046,-0.091979,-0.037173,0.025509,1.895779,0.402839,0.356032,3.967493,1.335738,1.664095,1.96048,2.179487,2.351375,199.038,PRE_INTERVENTION,36NXF,135.0,03.01,,,,,,,,,
2021-10-28,sentinel2,20211028T075031_20211028T075217_T36NXF,PRE,29.54,27.7922,0.628574,0.157112,0.038113,0.997147,0.391938,0.556633,0.666159,0.740202,0.791188,-0.563835,0.12663,-0.944444,-0.079246,-0.685453,-0.646485,-0.595607,-0.521389,-0.368958,0.188287,0.09171,-0.244699,0.439501,0.076534,0.130962,0.189497,0.251827,0.302921,-0.101305,0.102822,-0.487179,0.364507,-0.228378,-0.173985,-0.103306,-0.037073,0.029186,1.762436,13.61826,-701.666667,639.285714,1.928915,1.928915,1.928915,1.928915,1.928915,174.625,PRE_INTERVENTION,36NXF,135.0,03.01,,,,,,,,,
2021-11-01,viirs,20211101,PRE,0.0,,,,,,,,,,,,,,,,,,,,,,,,,,,,,,,,,,,,,,,,,,,,,,,174.901,PRE_INTERVENTION,,,,0.644488,0.189245,0.44,1.03,0.44,0.48,0.65,0.69,1.03
2021-11-07,sentinel2,20211107T075131_20211107T075215_T36NXF,PRE,2.77,43.458562,0.606901,0.10619,0.153814,0.840965,0.474802,0.552733,0.61926,0.677824,0.728557,-0.561915,0.080425,-0.774905,-0.14264,-0.650345,-0.615237,-0.568404,-0.52538,-0.470507,0.167373,0.073338,-0.164781,0.390258,0.076162,0.123011,0.17,0.216833,0.259731,-0.070071,0.075877,-0.318899,0.248645,-0.165954,-0.119176,-0.072293,-0.025525,0.02534,1.52686,16.803881,-1152.5,538.055556,1.672999,1.672999,1.672999,1.672999,1.672999,140.784,PRE_INTERVENTION|NEAR_INTERVENTION,36NXF,135.0,03.01,,,,,,,,,
2021-11-17,sentinel2,20211117T075211_20211117T075212_T36NXF,PRE,0.0,3.013159,0.682865,0.084687,0.211819,0.88407,0.579946,0.638737,0.689491,0.74021,0.783146,-0.613018,0.056056,-0.787188,-0.319738,-0.684458,-0.649364,-0.610363,-0.577197,-0.547776,0.204352,0.076433,-0.175377,0.433305,0.111336,0.158165,0.209055,0.255714,0.298782,-0.121559,0.081676,-0.361135,0.253083,-0.224753,-0.173929,-0.123105,-0.072339,-0.021468,1.844296,0.333862,0.323345,3.700245,1.398963,1.664132,1.898173,2.070114,2.211111,119.753,PRE_INTERVENTION|NEAR_INTERVENTION,36NXF,135.0,03.01,,,,,,,,,
2021-11-27,sentinel2,20211127T075251_20211127T075249_T36NXF,PRE,5.08,18.242716,0.583078,0.182373,0.03938,0.893845,0.286941,0.482203,0.638687,0.716806,0.77143,-0.524796,0.159613,-0.832021,0.012421,-0.677467,-0.630895,-0.57615,-0.458867,-0.259732,0.17647,0.080725,-0.168032,0.458962,0.076168,0.123031,0.173638,0.228563,0.279336,-0.082702,0.08647,-0.364594,0.299647,-0.193159,-0.134696,-0.083928,-0.033089,0.021574,1.521168,24.157273,-1115.0,1289.5,1.916096,1.916096,1.916096,1.916096,1.916096,101.719,PRE_INTERVENTION|NEAR_INTERVENTION,36NXF,135.0,03.01,,,,,,,,,
2021-12-01,viirs,20211201,PRE,0.0,,,,,,,,,,,,,,,,,,,,,,,,,,,,,,,,,,,,,,,,,,,,,,,103.465,PRE_INTERVENTION|NEAR_INTERVENTION,,,,0.689417,0.220509,0.47,1.3,0.52,0.58,0.68,0.7,1.11
2021-12-02,sentinel2,20211202T075209_20211202T080526_T36NXF,PRE,0.0,9.666982,0.659423,0.0954,0.171506,0.869778,0.540659,0.611225,0.669908,0.720685,0.767445,-0.601632,0.061398,-0.781198,-0.295266,-0.676766,-0.639671,-0.602585,-0.565504,-0.530357,0.159153,0.087143,-0.20011,0.431932,0.052732,0.107277,0.162202,0.216749,0.263654,-0.081351,0.088384,-0.376597,0.26902,-0.18933,-0.138529,-0.083956,-0.029391,0.025331,1.846055,0.386788,0.280959,3.866499,1.319995,1.633211,1.899002,2.101049,2.288077,103.465,PRE_INTERVENTION|NEAR_INTERVENTION,36NXF,135.0,03.01,,,,,,,,,
2021-12-07,sentinel2,20211207T075321_20211207T075316_T36NXF,PRE,0.0,4.749463,0.648245,0.095713,0.171655,0.868616,0.529167,0.599594,0.662141,0.712921,0.75992,-0.5972,0.060421,-0.777639,-0.291247,-0.670967,-0.633822,-0.598612,-0.561451,-0.526287,0.154175,0.085112,-0.194984,0.424035,0.049073,0.10333,0.158324,0.208873,0.259816,-0.06677,0.086773,-0.338697,0.273824,-0.173893,-0.123207,-0.068402,-0.013648,0.041007,1.708953,0.365478,0.285062,3.422403,1.210872,1.492175,1.757431,1.960579,2.132706,71.757,PRE_INTERVENTION|NEAR_INTERVENTION,36NXF,135.0,03.01,,,,,,,,,
2021-12-12,sentinel2,20211212T075229_20211212T080506_T36NXF,PRE,0.0,0.307852,0.649831,0.096574,0.187232,0.863374,0.52537,0.599453,0.662144,0.712899,0.76005,-0.603121,0.06082,-0.769492,-0.302438,-0.676747,-0.641556,-0.604519,-0.569306,-0.530013,0.142065,0.086311,-0.23063,0.424425,0.037343,0.091862,0.142514,0.197202,0.248344,-0.070863,0.087196,-0.343482,0.248853,-0.181525,-0.127046,-0.07221,-0.017517,0.037344,1.750459,0.38266,0.320005,3.911773,1.225727,1.507444,1.804992,2.023087,2.195365,73.809,PRE_INTERVENTION|NEAR_INTERVENTION,36NXF,135.0,03.01,,,,,,,,,
2021-12-22,sentinel2,20211222T075229_20211222T080513_T36NXF,PRE,0.0,6.411459,0.616901,0.107287,0.177415,0.859855,0.470621,0.552543,0.630732,0.693222,0.74022,-0.581754,0.065734,-0.78944,-0.247178,-0.66219,-0.623078,-0.583974,-0.544916,-0.501749,0.112033,0.090685,-0.290557,0.433473,-0.002129,0.056566,0.111294,0.165934,0.228435,-0.0269,0.091608,-0.350222,0.275571,-0.142625,-0.083879,-0.025357,0.033217,0.087735,1.659668,0.437476,0.304571,4.473972,1.046597,1.360021,1.703875,1.984395,2.201669,72.237,PRE_INTERVENTION|NEAR_INTERVENTION,36NXF,135.0,03.01,,,,,,,,,
2021-12-27,sentinel2,20211227T075331_20211227T075333_T36NXF,PRE,0.0,5.760147,0.610893,0.105281,0.187535,0.850049,0.46693,0.544709,0.623064,0.685662,0.736097,-0.576878,0.063289,-0.773858,-0.233994,-0.65415,-0.615261,-0.576197,-0.541057,-0.498234,0.11085,0.087333,-0.260212,0.429206,-0.002062,0.052837,0.11125,0.16608,0.22471,-0.02454,0.088967,-0.342803,0.276065,-0.138416,-0.080187,-0.025399,0.037098,0.087806,1.604143,0.417862,0.308326,3.95361,1.022767,1.304621,1.633128,1.930062,2.133542,83.194,PRE_INTERVENTION|NEAR_INTERVENTION,36NXF,135.0,03.01,,,,,,,,,
2022-01-01,viirs,20220101,POST,0.0,,,,,,,,,,,,,,,,,,,,,,,,,,,,,,,,,,,,,,,,,,,,,,,59.863,POST_INTERVENTION|NEAR_INTERVENTION,,,,0.664036,0.216204,0.41,1.36,0.49,0.58,0.63,0.7,1.03
2022-01-06,sentinel2,20220106T075321_20220106T075319_T36NXF,POST,0.0,8.909758,0.58013,0.11451,0.188373,0.843664,0.423878,0.506097,0.591755,0.665937,0.71661,-0.568996,0.066091,-0.776157,-0.239964,-0.650439,-0.611253,-0.572334,-0.529325,-0.486406,0.075528,0.094077,-0.274323,0.430404,-0.044838,0.009851,0.076236,0.138789,0.197,0.011627,0.095192,-0.347669,0.284364,-0.111139,-0.048831,0.01363,0.079988,0.134825,1.420367,0.421108,0.305982,2.685467,0.836383,1.101733,1.444876,1.75803,1.96007,65.826,POST_INTERVENTION|NEAR_INTERVENTION,36NXF,135.0,03.01,,,,,,,,,
2022-01-11,sentinel2,20220111T075209_20220111T080450_T36NXF,POST,0.0,18.439841,0.538932,0.126854,0.164969,0.85201,0.369075,0.44734,0.541131,0.638698,0.701108,-0.554944,0.073324,-0.778883,-0.240286,-0.646718,-0.603497,-0.556601,-0.505856,-0.462934,0.032304,0.096423,-0.269044,0.398959,-0.087893,-0.037151,0.025317,0.095612,0.158196,0.036059,0.096783,-0.320637,0.295515,-0.095542,-0.029176,0.044951,0.107374,0.154437,1.299585,0.448227,0.278217,2.772612,0.711432,0.945355,1.27312,1.649217,1.91478,55.547,POST_INTERVENTION|NEAR_INTERVENTION,36NXF,135.0,03.01,,,,,,,,,
2022-01-26,sentinel2,20220126T075211_20220126T075213_T36NXF,POST,0.0,0.000468,0.553534,0.106293,0.197722,0.806792,0.408241,0.486311,0.568272,0.630874,0.677788,-0.549655,0.064596,-0.740297,-0.279486,-0.627876,-0.58887,-0.553599,-0.510802,-0.465829,0.059224,0.083882,-0.248273,0.377674,-0.048909,0.001879,0.060539,0.115074,0.16191,0.021501,0.082008,-0.278427,0.278063,-0.084216,-0.03318,0.021438,0.076223,0.126822,1.376067,0.375165,0.334373,2.803486,0.867433,1.101813,1.398723,1.664146,1.867251,96.954,POST_INTERVENTION|NEAR_INTERVENTION,36NXF,135.0,05.10,,,,,,,,,
2022-02-01,viirs,20220201,POST,0.0,,,,,,,,,,,,,,,,,,,,,,,,,,,,,,,,,,,,,,,,,,,,,,,101.274,POST_INTERVENTION|NEAR_INTERVENTION,,,,0.577355,0.175647,0.37,1.15,0.47,0.49,0.57,0.64,0.665
2022-03-01,viirs,20220301,POST,0.0,,,,,,,,,,,,,,,,,,,,,,,,,,,,,,,,,,,,,,,,,,,,,,,191.475,POST_INTERVENTION|NEAR_INTERVENTION,,,,0.689827,0.247366,0.41,1.47,0.52,0.57,0.63,0.84,0.95
2022-03-02,sentinel2,20220302T074829_20220302T080414_T36NXF,POST,24.78,31.750602,0.522679,0.109945,0.206526,0.773758,0.353536,0.451156,0.544825,0.607456,0.650213,-0.519937,0.067214,-0.708476,-0.294831,-0.600589,-0.563519,-0.53026,-0.47762,-0.42072,0.058002,0.088627,-0.224384,0.30742,-0.068357,0.001791,0.068331,0.11907,0.162062,0.007429,0.082946,-0.232356,0.231041,-0.092763,-0.051896,-0.000987,0.067378,0.127856,1.472312,0.428478,0.329415,2.901598,0.867607,1.163476,1.507583,1.804703,2.023051,184.804,POST_INTERVENTION|NEAR_INTERVENTION,36NXF,135.0,04.00,,,,,,,,,
2022-03-07,sentinel2,20220307T074801_20220307T075216_T36NXF,POST,0.0,0.610927,0.498522,0.12335,0.163905,0.804735,0.318503,0.408356,0.513898,0.595703,0.646469,-0.517338,0.074988,-0.751303,-0.259469,-0.606388,-0.56738,-0.526288,-0.467667,-0.409095,0.01402,0.094034,-0.264282,0.328358,-0.111387,-0.048928,0.017543,0.079927,0.126962,0.062095,0.088016,-0.244021,0.292643,-0.04889,0.001978,0.060552,0.126937,0.177825,1.236221,0.417385,0.238788,2.322951,0.66406,0.914447,1.242902,1.554566,1.788537,174.408,POST_INTERVENTION,36NXF,135.0,04.00,,,,,,,,,
2022-03-12,sentinel2,20220312T074719_20220312T080452_T36NXF,POST,0.0,0.024021,0.502973,0.121902,0.167948,0.819957,0.330018,0.412256,0.51762,0.599609,0.650431,-0.522325,0.072119,-0.756782,-0.285566,-0.610216,-0.56931,-0.528342,-0.473664,-0.422893,0.0119,0.097008,-0.267077,0.345321,-0.118957,-0.052904,0.017528,0.080072,0.130816,0.053191,0.09121,-0.266567,0.279613,-0.060619,-0.009717,0.052725,0.119266,0.173893,1.308106,0.449145,0.254586,2.780606,0.711171,0.960439,1.304333,1.66425,1.899044,174.594,POST_INTERVENTION,36NXF,135.0,04.00,,,,,,,,,
2022-03-27,sentinel2,20220327T074611_20220327T075215_T36NXF,POST,0.0,7.716773,0.503065,0.136251,0.123547,0.872351,0.314453,0.404358,0.513735,0.607548,0.66608,-0.526833,0.082758,-0.802256,-0.267914,-0.630721,-0.580035,-0.5294,-0.470579,-0.41598,0.013115,0.093008,-0.257503,0.351176,-0.111405,-0.048743,0.017422,0.080065,0.126625,0.083363,0.088904,-0.252938,0.316134,-0.025372,0.021459,0.080164,0.150184,0.201194,1.10706,0.386815,0.159275,2.627575,0.585171,0.819862,1.117125,1.398664,1.617471,112.652,POST_INTERVENTION,36NXF,135.0,04.00,,,,,,,,,
2022-04-01,sentinel2,20220401T074609_20220401T080504_T36NXF,POST,0.0,1.266343,0.548041,0.111027,0.185864,0.833828,0.392404,0.474592,0.564586,0.627075,0.677612,-0.544678,0.063582,-0.766556,-0.312693,-0.624115,-0.582935,-0.547864,-0.504944,-0.459815,0.063662,0.084759,-0.225463,0.371331,-0.048813,0.009756,0.068298,0.119281,0.165964,0.006446,0.084792,-0.290966,0.252607,-0.099658,-0.048683,0.001831,0.06433,0.122859,1.490086,0.442945,0.281701,3.678689,0.867489,1.179706,1.539345,1.819953,2.023824,167.631,POST_INTERVENTION,36NXF,135.0,04.00,,,,,,,,,
2022-04-01,viirs,20220401,POST,0.0,,,,,,,,,,,,,,,,,,,,,,,,,,,,,,,,,,,,,,,,,,,,,,,167.631,POST_INTERVENTION,,,,0.742491,0.206423,0.52,1.25,0.57,0.59,0.73,0.83,0.99
2022-04-06,sentinel2,20220406T074611_20220406T075213_T36NXF,POST,0.0,5.201947,0.514778,0.11847,0.163555,0.810171,0.345983,0.431558,0.529101,0.60341,0.658333,-0.525301,0.070024,-0.743876,-0.303771,-0.612462,-0.57122,-0.530385,-0.479481,-0.428711,0.034225,0.086517,-0.251206,0.333765,-0.080296,-0.0255,0.037036,0.091723,0.142343,0.052283,0.083394,-0.239755,0.280974,-0.052634,-0.005798,0.048663,0.111297,0.165823,1.281595,0.411939,0.242435,2.379955,0.712007,0.976128,1.305015,1.601782,1.804247,175.885,POST_INTERVENTION,36NXF,135.0,04.00,,,,,,,,,
2022-04-11,sentinel2,20220411T074609_20220411T080450_T36NXF,POST,0.0,3.615692,0.515687,0.125273,0.152924,0.848234,0.337933,0.427889,0.529244,0.607287,0.665976,-0.533091,0.075745,-0.781748,-0.288514,-0.628029,-0.581183,-0.538087,-0.483317,-0.428648,0.020406,0.089136,-0.26042,0.362598,-0.095574,-0.040742,0.021391,0.08009,0.134892,0.056388,0.085661,-0.285259,0.276798,-0.052586,0.002,0.056539,0.119087,0.165938,1.311263,0.449446,0.224744,2.614622,0.695346,0.976194,1.320168,1.66376,1.883057,188.451,POST_INTERVENTION,36NXF,135.0,04.00,,,,,,,,,
2022-04-26,sentinel2,20220426T074621_20220426T075217_T36NXF,POST,0.0,25.437248,0.67065,0.112519,0.162701,0.929489,0.525068,0.614996,0.685712,0.744125,0.798846,-0.621023,0.069391,-0.850725,-0.296678,-0.704921,-0.665996,-0.623047,-0.580177,-0.537102,0.163789,0.085982,-0.231228,0.439449,0.060621,0.115345,0.169783,0.220687,0.267494,-0.06415,0.094302,-0.374844,0.308694,-0.177926,-0.126973,-0.068438,-0.013668,0.05257,1.621615,0.393427,0.260651,6.741223,1.078539,1.391821,1.702585,1.89029,2.046807,227.429,POST_INTERVENTION,36NXF,135.0,04.00,,,,,,,,,
2022-05-01,sentinel2,20220501T074609_20220501T080447_T36NXF,POST,21.19,55.589855,0.659358,0.115509,0.195809,0.911386,0.513602,0.607316,0.67766,0.740262,0.783417,-0.608252,0.077069,-0.834896,-0.179856,-0.697551,-0.658309,-0.61514,-0.568362,-0.521349,0.194166,0.083937,-0.272891,0.468841,0.095784,0.150549,0.201131,0.248147,0.290844,-0.100807,0.090343,-0.407482,0.289768,-0.208909,-0.158136,-0.107216,-0.052811,0.009816,1.706465,4.728518,-398.030303,52.937853,1.570986,1.570986,1.570986,2.197545,2.197545,212.287,POST_INTERVENTION,36NXF,135.0,04.00,,,,,,,,,
2022-05-01,viirs,20220501,POST,0.0,,,,,,,,,,,,,,,,,,,,,,,,,,,,,,,,,,,,,,,,,,,,,,,212.287,POST_INTERVENTION,,,,0.682289,0.127307,0.52,1.01,0.55,0.63,0.65,0.72,0.88
2022-05-06,sentinel2,20220506T074621_20220506T075217_T36NXF,POST,0.0,11.273858,0.678001,0.10679,0.190573,0.902902,0.548927,0.627024,0.693557,0.751953,0.794887,-0.616793,0.067926,-0.823515,-0.257159,-0.697416,-0.662098,-0.619228,-0.576088,-0.537033,0.1964,0.08242,-0.189763,0.440026,0.099432,0.154435,0.201159,0.251994,0.294945,-0.093475,0.090214,-0.363827,0.26109,-0.201027,-0.154276,-0.095751,-0.044825,0.013507,1.760156,0.392587,0.316689,4.433547,1.232818,1.546552,1.827925,2.046481,2.203599,288.479,POST_INTERVENTION,36NXF,135.0,04.00,,,,,,,,,
2022-05-11,sentinel2,20220511T074609_20220511T080451_T36NXF,POST,0.0,0.998792,0.673891,0.098798,0.225806,0.873049,0.556706,0.626891,0.689363,0.740265,0.78315,-0.614198,0.062993,-0.8009,-0.333893,-0.690383,-0.655326,-0.61817,-0.577176,-0.536037,0.192676,0.085513,-0.216238,0.43386,0.091726,0.14266,0.197243,0.248,0.294879,-0.111195,0.089833,-0.384322,0.247245,-0.220683,-0.169931,-0.11518,-0.060647,-0.005858,1.972215,0.427115,0.394857,4.925762,1.390408,1.765753,2.047106,2.265651,2.453101,328.842,POST_INTERVENTION,36NXF,135.0,04.00,,,,,,,,,
2022-05-16,sentinel2,20220516T074621_20220516T080458_T36NXF,POST,0.0,4.235925,0.667171,0.092891,0.227414,0.866776,0.552599,0.623087,0.681665,0.732364,0.76743,-0.60745,0.059297,-0.775816,-0.282626,-0.678756,-0.647535,-0.612304,-0.573248,-0.534151,0.197685,0.08062,-0.178908,0.444043,0.103675,0.150427,0.201163,0.251909,0.294761,-0.107157,0.084785,-0.365969,0.253135,-0.208884,-0.165979,-0.111417,-0.060499,-0.00598,1.867758,0.3778,0.386711,4.265306,1.351916,1.663247,1.945223,2.132903,2.273365,322.265,POST_INTERVENTION,36NXF,135.0,04.00,,,,,,,,,
2022-05-21,sentinel2,20220521T074609_20220521T080453_T36NXF,POST,0.0,13.342278,0.687095,0.096234,0.19743,0.879242,0.568424,0.642753,0.701242,0.755793,0.791001,-0.628046,0.064062,-0.817431,-0.29801,-0.704959,-0.669892,-0.630846,-0.591725,-0.54878,0.21793,0.082129,-0.176629,0.45324,0.119366,0.170016,0.224587,0.275358,0.314515,-0.125968,0.087741,-0.396602,0.253034,-0.23223,-0.185534,-0.130895,-0.072262,-0.017631,1.840971,0.354715,0.32701,4.514369,1.358905,1.671582,1.921657,2.078081,2.203111,311.226,POST_INTERVENTION,36NXF,135.0,04.00,,,,,,,,,
2022-05-26,sentinel2,20220526T074621_20220526T080501_T36NXF,POST,0.0,23.149592,0.678779,0.097086,0.179733,0.874552,0.552772,0.630579,0.693451,0.744116,0.78708,-0.625718,0.065703,-0.809576,-0.277414,-0.705202,-0.669957,-0.630884,-0.588017,-0.540987,0.203546,0.081038,-0.17066,0.445838,0.103581,0.154407,0.20899,0.259861,0.302598,-0.101797,0.085677,-0.367496,0.262635,-0.208966,-0.162024,-0.107342,-0.048724,0.002056,1.676816,0.321923,0.299638,5.68554,1.234837,1.516222,1.734893,1.891518,2.01581,272.65,POST_INTERVENTION,36NXF,135.0,04.00,,,,,,,,,
2022-05-31,sentinel2,20220531T074609_20220531T080453_T36NXF,POST,3.96,6.901606,0.687225,0.087919,0.225362,0.866411,0.575918,0.642507,0.701169,0.748159,0.782881,-0.622257,0.063719,-0.801712,-0.248462,-0.697328,-0.666128,-0.626887,-0.587939,-0.54506,0.230407,0.074703,-0.172731,0.44264,0.138504,0.185455,0.236448,0.283185,0.322372,-0.140661,0.079436,-0.374472,0.234251,-0.240054,-0.197154,-0.142533,-0.091828,-0.041055,2.033809,3.780383,-20.254372,347.638889,1.694879,1.694879,2.219439,2.219439,2.219439,244.653,POST_INTERVENTION,36NXF,135.0,04.00,,,,,,,,,
2022-06-01,viirs,20220601,POST,0.0,,,,,,,,,,,,,,,,,,,,,,,,,,,,,,,,,,,,,,,,,,,,,,,216.505,POST_INTERVENTION,,,,0.751905,0.188446,0.53,1.25,0.6,0.65,0.74,0.78,1.12
2022-06-05,sentinel2,20220605T074621_20220605T080501_T36NXF,POST,1.5,22.356834,0.65988,0.09597,0.208775,0.858611,0.533305,0.611295,0.673818,0.724615,0.767573,-0.597652,0.068488,-0.787733,-0.215171,-0.673899,-0.642615,-0.603507,-0.564376,-0.517475,0.202542,0.08118,-0.187131,0.451543,0.103574,0.150331,0.205033,0.255863,0.302581,-0.110622,0.083507,-0.360551,0.258535,-0.21678,-0.166165,-0.111279,-0.056651,-0.009803,2.057431,8.286043,-109.554455,796.0,1.988345,1.988345,1.988345,1.988345,1.988345,167.614,POST_INTERVENTION,36NXF,135.0,04.00,,,,,,,,,
2022-06-15,sentinel2,20220615T074621_20220615T080504_T36NXF,POST,0.0,0.568571,0.693466,0.087168,0.208791,0.876519,0.583997,0.646464,0.705164,0.752097,0.791174,-0.633824,0.059236,-0.821184,-0.298397,-0.709073,-0.673746,-0.634645,-0.599628,-0.560646,0.22197,0.079248,-0.127238,0.45246,0.123101,0.1737,0.228508,0.27538,0.31834,-0.123936,0.084683,-0.366845,0.213126,-0.228611,-0.181706,-0.126903,-0.072329,-0.021492,1.709568,0.295511,0.329694,3.756064,1.304466,1.554866,1.758047,1.913478,2.038928,140.078,POST_INTERVENTION,36NXF,135.0,04.00,,,,,,,,,
2022-06-30,sentinel2,20220630T074619_20220630T080346_T36NXF,POST,0.0,1.091204,0.675642,0.098441,0.214727,0.880666,0.548824,0.6231,0.689423,0.744129,0.791,-0.627014,0.065416,-0.821206,-0.320289,-0.708986,-0.669937,-0.626985,-0.588016,-0.545053,0.18417,0.090433,-0.21985,0.450476,0.068474,0.126975,0.189478,0.244091,0.295083,-0.096285,0.09372,-0.391195,0.265132,-0.212918,-0.158132,-0.099718,-0.037017,0.021416,1.780977,0.363035,0.353571,4.708793,1.297242,1.578759,1.828888,2.047113,2.20325,104.917,POST_INTERVENTION,36NXF,135.0,04.00,,,,,,,,,
2022-07-01,viirs,20220701,POST,100.0,,,,,,,,,,,,,,,,,,,,,,,,,,,,,,,,,,,,,,,,,,,,,,,104.917,HIGH_AOI_CLOUD|POST_INTERVENTION,,,,0.487936,0.200825,0.34,1.03,0.35,0.38,0.46,0.56,0.74
2022-07-05,sentinel2,20220705T074621_20220705T080506_T36NXF,POST,17.67,31.75458,0.568218,0.141751,0.210803,0.889562,0.369424,0.455126,0.580021,0.685513,0.751901,-0.520495,0.120594,-0.814806,-0.21631,-0.666108,-0.615252,-0.537105,-0.428081,-0.341821,0.183808,0.075596,-0.20937,0.461011,0.099527,0.13469,0.177815,0.228682,0.283217,-0.096845,0.082873,-0.421449,0.258671,-0.201019,-0.146424,-0.09177,-0.044924,-0.002059,0.765183,111.423295,-5152.5,3466.666667,2.773986,2.773986,2.773986,2.773986,2.773986,109.619,POST_INTERVENTION,36NXF,135.0,04.00,,,,,,,,,
2022-07-10,sentinel2,20220710T074619_20220710T080458_T36NXF,POST,0.0,44.580057,0.629089,0.108269,0.185647,0.866037,0.482606,0.568433,0.642678,0.705157,0.756002,-0.595952,0.069443,-0.799179,-0.280769,-0.68148,-0.642492,-0.599614,-0.552587,-0.50621,0.152936,0.101527,-0.291161,0.469908,0.021306,0.091936,0.158302,0.220772,0.275422,-0.062072,0.101485,-0.385042,0.305491,-0.189464,-0.130748,-0.064146,0.002018,0.068189,1.830372,0.469125,0.327818,3.889086,1.195648,1.523877,1.867529,2.163987,2.4134,91.593,POST_INTERVENTION,36NXF,135.0,04.00,,,,,,,,,
2022-07-20,sentinel2,20220720T074619_20220720T080458_T36NXF,POST,0.0,22.355722,0.640642,0.14187,0.17447,0.95495,0.44358,0.552583,0.662043,0.740113,0.810637,-0.630906,0.091001,-0.918961,-0.245499,-0.744211,-0.689408,-0.630879,-0.5762,-0.513596,0.12366,0.108633,-0.305434,0.468661,-0.021342,0.060468,0.130752,0.19343,0.256082,-0.021552,0.113904,-0.409242,0.350348,-0.162158,-0.095704,-0.025342,0.052656,0.130814,1.39575,0.409248,0.254138,3.256119,0.820521,1.101855,1.429157,1.710489,1.913996,62.784,POST_INTERVENTION,36NXF,135.0,04.00,,,,,,,,,
2022-07-25,sentinel2,20220725T074621_20220725T080504_T36NXF,POST,0.0,8.622566,0.560755,0.123384,0.188908,0.847082,0.388605,0.478591,0.576137,0.650635,0.712893,-0.55917,0.074705,-0.779502,-0.245619,-0.650247,-0.607379,-0.564515,-0.51373,-0.45893,0.069606,0.101559,-0.272926,0.422185,-0.064312,0.005811,0.072266,0.134799,0.193275,0.022756,0.099688,-0.337509,0.311608,-0.103359,-0.041054,0.021482,0.09184,0.153956,1.402225,0.440774,0.306294,3.049722,0.804668,1.070713,1.41343,1.741674,1.977034,43.941,POST_INTERVENTION,36NXF,135.0,04.00,,,,,,,,,
2022-07-30,sentinel2,20220730T074619_20220730T080458_T36NXF,POST,0.0,28.297308,0.587592,0.126015,0.174873,0.876366,0.412309,0.501911,0.603699,0.681472,0.740349,-0.577286,0.074776,-0.810156,-0.249284,-0.673738,-0.627058,-0.580099,-0.529354,-0.478809,0.093312,0.107793,-0.261058,0.460248,-0.048703,0.025366,0.099491,0.162121,0.224531,-0.007564,0.108683,-0.384005,0.287756,-0.142526,-0.076188,-0.009733,0.064464,0.134571,1.583299,0.512456,0.301905,9.751946,0.906326,1.218926,1.592662,1.969496,2.217275,50.818,POST_INTERVENTION,36NXF,135.0,04.00,,,,,,,,,
2022-08-01,viirs,20220801,POST,0.0,,,,,,,,,,,,,,,,,,,,,,,,,,,,,,,,,,,,,,,,,,,,,,,63.091,POST_INTERVENTION,,,,0.891137,0.152198,0.69,1.38,0.72,0.81,0.87,0.97,1.01
2022-08-04,sentinel2,20220804T074621_20220804T080504_T36NXF,POST,0.0,18.058437,0.584147,0.116583,0.194684,0.846543,0.41581,0.509774,0.599864,0.669854,0.724647,-0.558228,0.070594,-0.778671,-0.27005,-0.646439,-0.603372,-0.560628,-0.513593,-0.462849,0.104558,0.098916,-0.250065,0.447943,-0.029452,0.041041,0.111354,0.166,0.224922,-0.011809,0.099568,-0.364611,0.281576,-0.134522,-0.076131,-0.017667,0.052699,0.122976,1.613119,0.466203,0.334187,4.104506,0.977525,1.257682,1.647989,1.976471,2.195557,85.337,POST_INTERVENTION,36NXF,135.0,04.00,,,,,,,,,
2022-08-14,sentinel2,20220814T074621_20220814T080506_T36NXF,POST,20.79,32.259703,0.549299,0.159494,0.101356,0.903743,0.314473,0.435572,0.572071,0.669689,0.743949,-0.553794,0.101056,-0.839699,-0.127563,-0.674006,-0.623034,-0.56443,-0.486469,-0.412146,0.056669,0.120465,-0.309437,0.438004,-0.111256,-0.021404,0.068316,0.138665,0.201192,0.041079,0.116946,-0.368927,0.330135,-0.103714,-0.037279,0.033196,0.126824,0.201136,1.317943,0.539586,-7.558502,14.80897,0.686153,0.938253,1.311336,1.685407,1.932944,85.337,POST_INTERVENTION,36NXF,135.0,04.00,,,,,,,,,
2022-08-19,sentinel2,20220819T074619_20220819T080455_T36NXF,POST,0.0,21.583451,0.60051,0.13208,0.183339,0.887134,0.408396,0.517679,0.623057,0.697227,0.755965,-0.576715,0.077362,-0.81977,-0.292477,-0.670005,-0.626934,-0.580171,-0.529354,-0.470801,0.109961,0.11368,-0.277051,0.458621,-0.048668,0.040848,0.11922,0.185653,0.244095,-0.029182,0.114804,-0.402816,0.293219,-0.165891,-0.107482,-0.041163,0.044926,0.134958,1.682428,0.51882,0.280967,5.380577,0.951019,1.328548,1.734023,2.078647,2.326861,152.788,POST_INTERVENTION,36NXF,135.0,04.00,,,,,,,,,
2022-08-24,sentinel2,20220824T074621_20220824T080506_T36NXF,POST,0.0,2.242766,0.572954,0.148338,0.144578,0.886104,0.353302,0.470678,0.599667,0.685368,0.747814,-0.562128,0.087072,-0.816321,-0.272522,-0.666036,-0.623047,-0.568295,-0.502036,-0.439257,0.080111,0.117667,-0.287715,0.439739,-0.083963,0.001657,0.091887,0.162107,0.220827,0.012687,0.117638,-0.370858,0.324133,-0.134717,-0.072284,0.001875,0.099404,0.177733,1.397209,0.486613,0.23201,3.242838,0.711494,1.022519,1.445349,1.789189,2.007455,182.386,POST_INTERVENTION,36NXF,135.0,04.00,,,,,,,,,
2022-09-01,viirs,20220901,POST,0.0,,,,,,,,,,,,,,,,,,,,,,,,,,,,,,,,,,,,,,,,,,,,,,,182.166,POST_INTERVENTION,,,,1.061175,0.231647,0.74,1.49,0.75,0.92,1.05,1.19,1.45
2022-09-08,sentinel2,20220908T074619_20220908T080346_T36NXF,POST,0.0,37.245274,0.575731,0.090256,0.265518,0.845168,0.45101,0.517602,0.584013,0.638762,0.685591,-0.54609,0.055151,-0.782103,-0.351567,-0.616144,-0.579096,-0.545871,-0.508756,-0.475465,0.134407,0.071014,-0.131004,0.378743,0.041071,0.087851,0.138725,0.181713,0.2207,-0.044692,0.073769,-0.308861,0.222344,-0.134858,-0.09572,-0.052802,0.005835,0.056447,1.758185,0.651461,0.468105,41.176471,1.135371,1.385869,1.626792,2.113923,2.358122,213.43,POST_INTERVENTION,36NXF,135.0,04.00,,,,,,,,,
2022-09-18,sentinel2,20220918T074619_20220918T080455_T36NXF,POST,0.0,2.235225,0.57922,0.118694,0.174957,0.87536,0.415975,0.50975,0.587867,0.662,0.724616,-0.559008,0.071535,-0.800402,-0.279,-0.650621,-0.603528,-0.560565,-0.513771,-0.46671,0.096367,0.09172,-0.227011,0.424706,-0.021659,0.037013,0.095699,0.154165,0.212922,-0.01448,0.093566,-0.374374,0.259509,-0.134838,-0.072319,-0.013501,0.045115,0.107218,1.576385,0.46887,0.284435,3.458625,0.913723,1.257945,1.63296,1.913384,2.14848,188.707,POST_INTERVENTION,36NXF,135.0,04.00,,,,,,,,,
2022-09-23,sentinel2,20220923T074641_20220923T080500_T36NXF,POST,0.0,7.569385,0.596871,0.11777,0.120515,0.879139,0.439361,0.533269,0.611252,0.677785,0.732403,-0.560025,0.078852,-0.800635,-0.099832,-0.646173,-0.607359,-0.564475,-0.521522,-0.474737,0.143968,0.083914,-0.180336,0.433007,0.03712,0.091812,0.146563,0.197188,0.24794,-0.047693,0.088816,-0.369231,0.238814,-0.158167,-0.103439,-0.052711,0.005946,0.06823,1.288318,38.053428,-3842.5,510.9375,1.653192,1.653192,1.653192,1.653192,1.653192,192.768,POST_INTERVENTION,36NXF,135.0,04.00,,,,,,,,,
2022-09-28,sentinel2,20220928T074709_20220928T080452_T36NXF,POST,4.79,54.605752,0.598516,0.111464,0.1843,0.901335,0.447199,0.537134,0.611354,0.673898,0.728328,-0.56982,0.070811,-0.849328,-0.296713,-0.657953,-0.611312,-0.568358,-0.525474,-0.482358,0.146893,0.082436,-0.161588,0.445135,0.044919,0.095823,0.146428,0.201182,0.248025,-0.060984,0.08609,-0.390018,0.218139,-0.170026,-0.115307,-0.060451,-0.005824,0.048955,1.595464,0.418496,0.368425,3.852933,0.99145,1.335392,1.648285,1.898401,2.085944,198.583,POST_INTERVENTION,36NXF,135.0,04.00,,,,,,,,,
2022-10-01,viirs,20221001,POST,0.0,,,,,,,,,,,,,,,,,,,,,,,,,,,,,,,,,,,,,,,,,,,,,,,185.48,POST_INTERVENTION,,,,0.666334,0.200645,0.38,1.13,0.51,0.52,0.69,0.72,0.94
2022-10-13,sentinel2,20221013T074851_20221013T080457_T36NXF,POST,0.0,2.429597,0.622296,0.092988,0.222733,0.864407,0.501997,0.568407,0.630856,0.685675,0.732184,-0.576378,0.058926,-0.795533,-0.296306,-0.650341,-0.61147,-0.576177,-0.537013,-0.50601,0.165186,0.07529,-0.171842,0.467348,0.072294,0.119103,0.166004,0.212706,0.255872,-0.072876,0.080041,-0.403802,0.227143,-0.169987,-0.123033,-0.076167,-0.021441,0.02924,1.686823,0.373514,0.380901,4.236816,1.16493,1.461455,1.741815,1.961133,2.117415,194.994,POST_INTERVENTION,36NXF,135.0,04.00,,,,,,,,,
2022-10-23,sentinel2,20221023T075001_20221023T080455_T36NXF,POST,0.0,2.680479,0.628059,0.095826,0.219133,0.874459,0.505875,0.572252,0.638869,0.693516,0.740067,-0.589364,0.061503,-0.808877,-0.265791,-0.66605,-0.626953,-0.59171,-0.55277,-0.513689,0.131532,0.079868,-0.203953,0.418305,0.033445,0.084081,0.130822,0.181662,0.228652,-0.049191,0.081223,-0.366772,0.23862,-0.150253,-0.099628,-0.048799,0.001788,0.048887,1.633226,0.358067,0.357596,3.497897,1.132858,1.414329,1.679132,1.882551,2.054676,145.832,POST_INTERVENTION,36NXF,135.0,04.00,,,,,,,,,
2022-11-01,viirs,20221101,POST,0.0,,,,,,,,,,,,,,,,,,,,,,,,,,,,,,,,,,,,,,,,,,,,,,,111.47,POST_INTERVENTION,,,,0.774339,0.21065,0.48,1.38,0.57,0.66,0.76,0.88,0.99
2022-12-01,viirs,20221201,POST,0.0,,,,,,,,,,,,,,,,,,,,,,,,,,,,,,,,,,,,,,,,,,,,,,,185.228,POST_INTERVENTION,,,,0.730043,0.331246,0.38,1.84,0.45,0.57,0.71,0.8,1.0
2022-12-02,sentinel2,20221202T075301_20221202T080533_T36NXF,POST,0.0,5.420559,0.67639,0.090003,0.237514,0.88081,0.564511,0.626784,0.685606,0.736519,0.783195,-0.621263,0.059578,-0.81508,-0.341079,-0.696334,-0.659178,-0.622086,-0.584976,-0.549751,0.18008,0.081979,-0.182127,0.461783,0.080166,0.130829,0.181651,0.232456,0.279167,-0.102149,0.085374,-0.403587,0.235772,-0.208862,-0.15822,-0.103451,-0.048815,0.002025,1.799213,0.341133,0.397744,3.570798,1.35299,1.601964,1.835663,2.038811,2.211381,181.845,POST_INTERVENTION,36NXF,135.0,04.00,,,,,,,,,
2022-12-07,sentinel2,20221207T075219_20221207T080500_T36NXF,POST,0.0,47.482371,0.66966,0.08784,0.212996,0.873212,0.560534,0.623069,0.677743,0.72841,0.775416,-0.602611,0.059712,-0.804776,-0.307955,-0.67865,-0.639631,-0.600517,-0.565385,-0.530282,0.199288,0.083593,-0.16566,0.474455,0.096034,0.150262,0.201111,0.251911,0.302949,-0.119748,0.08636,-0.418489,0.242723,-0.228486,-0.173722,-0.119104,-0.068408,-0.01367,2.044,0.403609,0.348288,6.90006,1.515647,1.82856,2.078429,2.327377,2.516141,172.047,POST_INTERVENTION,36NXF,135.0,05.09,,,,,,,,,
2022-12-12,sentinel2,20221212T075331_20221212T080555_T36NXF,POST,9.13,69.91474,0.655863,0.10284,0.20576,0.896534,0.517538,0.59182,0.666028,0.728533,0.783124,-0.605268,0.078301,-0.848485,-0.297115,-0.700928,-0.654242,-0.607429,-0.55665,-0.502035,0.19783,0.075637,-0.122744,0.463164,0.107203,0.154347,0.197306,0.244129,0.290834,-0.097036,0.082067,-0.412364,0.216374,-0.201143,-0.146612,-0.095622,-0.045027,0.001908,1.857437,13.402828,-744.166667,984.0,1.748237,1.748237,1.748237,1.748237,1.748237,173.275,POST_INTERVENTION,36NXF,135.0,05.09,,,,,,,,,
2023-01-01,sentinel2,20230101T075331_20230101T080556_T36NXF,POST,0.0,0.295105,0.645854,0.105733,0.18988,0.863927,0.50592,0.583984,0.662143,0.720746,0.771518,-0.607122,0.065413,-0.792317,-0.318463,-0.688363,-0.649361,-0.608392,-0.567365,-0.524326,0.139628,0.0928,-0.226302,0.437697,0.025236,0.084138,0.138627,0.197309,0.252148,-0.062145,0.095082,-0.375073,0.263366,-0.181689,-0.122999,-0.060602,-0.002082,0.05671,1.664573,0.391436,0.313173,3.409091,1.117253,1.398525,1.711416,1.960655,2.132884,153.205,POST_INTERVENTION,36NXF,135.0,05.09,,,,,,,,,
2023-01-01,viirs,20230101,POST,0.0,,,,,,,,,,,,,,,,,,,,,,,,,,,,,,,,,,,,,,,,,,,,,,,153.205,POST_INTERVENTION,,,,0.81627,0.201494,0.59,1.47,0.65,0.73,0.81,0.88,1.0
2023-01-06,sentinel2,20230106T075219_20230106T080450_T36NXF,POST,0.0,0.614859,0.587086,0.102011,0.209494,0.808313,0.451037,0.525364,0.599718,0.662059,0.708837,-0.565941,0.062214,-0.747088,-0.332774,-0.645444,-0.606411,-0.567471,-0.528284,-0.487332,0.113675,0.091824,-0.21728,0.414875,0.001911,0.056632,0.115158,0.169945,0.228379,-0.043639,0.089899,-0.34378,0.223012,-0.158395,-0.099882,-0.044891,0.013758,0.068197,1.698183,0.440686,0.398551,3.718641,1.101765,1.382726,1.726467,2.038972,2.257517,134.323,POST_INTERVENTION,36NXF,135.0,05.09,,,,,,,,,
2023-01-11,sentinel2,20230111T075301_20230111T080534_T36NXF,POST,0.0,11.28493,0.582947,0.123002,0.174787,0.861504,0.416118,0.501992,0.591985,0.673685,0.732563,-0.569962,0.074007,-0.804308,-0.277564,-0.662373,-0.615157,-0.572282,-0.525452,-0.474587,0.088516,0.101954,-0.271232,0.435593,-0.037304,0.02554,0.088003,0.150336,0.220606,-0.005031,0.101704,-0.368728,0.284404,-0.13481,-0.068397,-0.001896,0.060512,0.122856,1.490549,0.449023,0.293151,3.855351,0.882811,1.147682,1.492856,1.851083,2.070973,108.464,POST_INTERVENTION,36NXF,135.0,05.09,,,,,,,,,
2023-01-16,sentinel2,20230116T075149_20230116T080450_T36NXF,POST,0.0,6.386276,0.543737,0.122924,0.168043,0.837381,0.376934,0.458883,0.548854,0.634711,0.701132,-0.548303,0.073724,-0.781109,-0.275987,-0.642655,-0.59575,-0.548956,-0.502004,-0.45518,0.054474,0.105237,-0.304041,0.433946,-0.072328,-0.013541,0.04897,0.119165,0.189671,0.017224,0.101966,-0.357072,0.294722,-0.11538,-0.04484,0.025269,0.087891,0.142552,1.458686,0.482994,0.298714,2.959055,0.820667,1.086013,1.445412,1.835886,2.116853,81.097,POST_INTERVENTION,36NXF,135.0,05.09,,,,,,,,,
2023-01-21,sentinel2,20230121T075231_20230121T080456_T36NXF,POST,0.0,0.00704,0.514922,0.129013,0.160187,0.838457,0.346033,0.420024,0.513618,0.615307,0.685656,-0.544027,0.078335,-0.793026,-0.263926,-0.642689,-0.591971,-0.544951,-0.494136,-0.443333,0.025008,0.100607,-0.30663,0.402114,-0.095813,-0.044994,0.017513,0.087755,0.158497,0.053668,0.097908,-0.335815,0.310452,-0.07631,-0.005773,0.064538,0.123041,0.170052,1.179141,0.407593,0.267668,2.292918,0.664249,0.851824,1.148217,1.492305,1.75792,69.883,POST_INTERVENTION,36NXF,135.0,05.10,,,,,,,,,
2023-01-26,sentinel2,20230126T075109_20230126T080451_T36NXF,POST,0.0,20.09213,0.477139,0.114314,0.181902,0.786387,0.326068,0.392673,0.474839,0.564299,0.630746,-0.509164,0.069242,-0.738052,-0.280244,-0.598579,-0.553797,-0.508683,-0.463827,-0.42101,0.009487,0.095495,-0.282946,0.377042,-0.103612,-0.056837,0.001856,0.068221,0.134856,0.052503,0.089677,-0.315527,0.260778,-0.064244,-0.00189,0.064306,0.118996,0.158195,1.270845,0.447378,0.318832,2.702174,0.726695,0.913803,1.226366,1.601297,1.91295,49.836,POST_INTERVENTION,36NXF,135.0,05.09,,,,,,,,,
2023-01-31,sentinel2,20230131T075141_20230131T080449_T36NXF,POST,0.0,0.827253,0.452095,0.125803,0.153183,0.816,0.291034,0.35752,0.443145,0.544752,0.622983,-0.504744,0.077431,-0.763732,-0.270905,-0.604455,-0.553745,-0.502839,-0.452145,-0.405262,-0.020539,0.099262,-0.302822,0.392685,-0.134744,-0.091948,-0.029178,0.040991,0.10712,0.101294,0.092928,-0.318225,0.305177,-0.021687,0.044939,0.115244,0.169837,0.208954,1.026521,0.397167,0.244163,2.393585,0.555547,0.71029,0.961032,1.304755,1.601189,20.569,POST_INTERVENTION,36NXF,135.0,05.09,,,,,,,,,
2023-02-01,viirs,20230201,POST,0.0,,,,,,,,,,,,,,,,,,,,,,,,,,,,,,,,,,,,,,,,,,,,,,,20.569,POST_INTERVENTION,,,,0.665147,0.12102,0.46,1.06,0.59,0.62,0.66,0.73,0.79
2023-02-05,sentinel2,20230205T075019_20230205T080451_T36NXF,POST,0.0,0.674407,0.429647,0.120028,0.155859,0.797816,0.279153,0.337903,0.419867,0.517459,0.592049,-0.492581,0.074776,-0.754655,-0.286131,-0.586978,-0.539984,-0.489177,-0.442368,-0.399362,-0.039088,0.096987,-0.293551,0.388,-0.150309,-0.107418,-0.048904,0.01752,0.083909,0.107105,0.088921,-0.314498,0.29541,-0.005872,0.056511,0.123012,0.173874,0.205091,1.02672,0.406728,0.256107,2.588248,0.554409,0.710923,0.960919,1.288436,1.616573,20.569,POST_INTERVENTION,36NXF,135.0,05.09,,,,,,,,,
2023-02-10,sentinel2,20230210T075051_20230210T080451_T36NXF,POST,0.0,5.50605,0.440272,0.115409,0.179186,0.799624,0.29504,0.349587,0.43567,0.521608,0.595811,-0.490574,0.069948,-0.750417,-0.268493,-0.580928,-0.532215,-0.487324,-0.442322,-0.403239,-0.042207,0.099593,-0.287866,0.386293,-0.157981,-0.115063,-0.04885,0.017623,0.083947,0.116198,0.091625,-0.30251,0.313654,0.001838,0.060475,0.126904,0.185643,0.220594,1.07112,0.419473,0.283791,10.137845,0.595369,0.782199,1.030325,1.34278,1.654778,12.155,POST_INTERVENTION,36NXF,135.0,05.09,,,,,,,,,
2023-02-15,sentinel2,20230215T075009_20230215T080452_T36NXF,POST,0.0,5.56668,0.396416,0.10547,0.171624,0.767387,0.263816,0.314457,0.384818,0.470873,0.537247,-0.467303,0.067148,-0.713455,-0.259718,-0.553574,-0.508727,-0.46396,-0.418854,-0.383798,-0.054394,0.08769,-0.311631,0.328645,-0.158245,-0.115485,-0.060587,-0.001992,0.056586,0.124122,0.077825,-0.242064,0.318131,0.025442,0.080072,0.134764,0.181691,0.2128,0.930538,0.342119,0.263453,2.440067,0.539162,0.663873,0.866933,1.148394,1.414318,6.992,POST_INTERVENTION,36NXF,135.0,05.09,,,,,,,,,
2023-02-20,sentinel2,20230220T074941_20230220T080450_T36NXF,POST,0.0,0.0,0.390215,0.11572,0.153063,0.813253,0.251839,0.298868,0.377009,0.470741,0.545265,-0.477021,0.075306,-0.763327,-0.271599,-0.575326,-0.522371,-0.471755,-0.424814,-0.381937,-0.080193,0.08903,-0.300849,0.337958,-0.185543,-0.142509,-0.087827,-0.029322,0.029221,0.153638,0.079222,-0.250197,0.327758,0.052692,0.111253,0.166034,0.212909,0.240226,0.813933,0.31703,0.216102,2.247378,0.46147,0.570478,0.75801,1.008171,1.257854,6.992,POST_INTERVENTION,36NXF,135.0,05.09,,,,,,,,,
2023-02-25,sentinel2,20230225T074909_20230225T080454_T36NXF,POST,26.1,8.862758,0.322833,0.100273,0.052542,0.708374,0.204799,0.247984,0.314492,0.384614,0.455081,-0.390137,0.083555,-0.676577,-0.085172,-0.490176,-0.443358,-0.392507,-0.341711,-0.287251,-0.061946,0.081436,-0.291994,0.351459,-0.162176,-0.119075,-0.064264,-0.013602,0.0371,0.126291,0.07211,-0.245723,0.281523,0.033329,0.083909,0.134791,0.177763,0.212979,1.13186,11.583444,-87.5,993.0,1.051498,1.051498,1.051498,1.051498,1.051498,0.0,POST_INTERVENTION,36NXF,135.0,05.09,,,,,,,,,
2023-03-01,viirs,20230301,POST,0.0,,,,,,,,,,,,,,,,,,,,,,,,,,,,,,,,,,,,,,,,,,,,,,,20.66,POST_INTERVENTION,,,,0.772545,0.186869,0.51,1.16,0.64,0.7,0.76,0.79,1.16
2023-04-01,viirs,20230401,POST,0.0,,,,,,,,,,,,,,,,,,,,,,,,,,,,,,,,,,,,,,,,,,,,,,,209.264,POST_INTERVENTION,,,,0.776389,0.21386,0.57,1.49,0.64,0.68,0.77,0.87,0.92
2023-04-11,sentinel2,20230411T074611_20230411T080453_T36NXF,POST,0.0,18.173864,0.522415,0.117835,0.177371,0.811931,0.361127,0.435421,0.533012,0.611349,0.669854,-0.519603,0.070828,-0.747036,-0.304174,-0.610295,-0.567426,-0.520545,-0.46779,-0.42483,0.052276,0.095687,-0.22551,0.361983,-0.076216,-0.013522,0.056532,0.119036,0.173738,0.03044,0.091403,-0.266868,0.270228,-0.088021,-0.033216,0.029242,0.099539,0.150432,1.345281,0.419428,0.264682,3.411023,0.773046,1.023636,1.366758,1.679447,1.88215,294.534,POST_INTERVENTION,36NXF,135.0,05.09,,,,,,,,,
2023-05-01,viirs,20230501,POST,0.0,,,,,,,,,,,,,,,,,,,,,,,,,,,,,,,,,,,,,,,,,,,,,,,347.714,POST_INTERVENTION,,,,0.760746,0.35652,0.41,1.84,0.51,0.64,0.76,0.83,1.28
2023-05-06,sentinel2,20230506T074619_20230506T080456_T36NXF,POST,0.0,2.885594,0.662212,0.096241,0.241516,0.873375,0.533078,0.611209,0.673645,0.732404,0.771409,-0.603498,0.06207,-0.784615,-0.313472,-0.680653,-0.645549,-0.606453,-0.563438,-0.524307,0.185252,0.084016,-0.149276,0.447918,0.076347,0.130846,0.189354,0.24414,0.286946,-0.103704,0.088256,-0.389961,0.215922,-0.212659,-0.166185,-0.107579,-0.044978,0.013456,2.000749,0.439854,0.38848,5.35854,1.360501,1.734313,2.078255,2.328281,2.48358,338.366,POST_INTERVENTION,36NXF,135.0,05.09,,,,,,,,,
2023-05-11,sentinel2,20230511T074611_20230511T080448_T36NXF,POST,37.6,15.076722,0.708239,0.088786,0.329256,0.89459,0.591609,0.66217,0.720638,0.771409,0.810619,-0.626071,0.062877,-0.793814,-0.296617,-0.702051,-0.668966,-0.629866,-0.586899,-0.547844,0.229561,0.084912,-0.131468,0.454146,0.123062,0.177777,0.236316,0.286908,0.330107,-0.139287,0.090471,-0.38001,0.20006,-0.251667,-0.205062,-0.146465,-0.084013,-0.025536,2.187851,0.646235,-16.147987,20.751202,1.640937,1.886596,2.374829,2.374829,2.586353,336.33,POST_INTERVENTION,36NXF,135.0,05.09,,,,,,,,,
2023-05-16,sentinel2,20230516T074619_20230516T080453_T36NXF,POST,0.0,1.944088,0.691767,0.096928,0.249135,0.88739,0.560345,0.642407,0.705077,0.759762,0.802844,-0.626039,0.064239,-0.7979,-0.327961,-0.706184,-0.670843,-0.62983,-0.584888,-0.541943,0.195355,0.090075,-0.174391,0.492824,0.079946,0.138619,0.201009,0.259726,0.306374,-0.111763,0.094422,-0.436778,0.22802,-0.228327,-0.177656,-0.115186,-0.052675,0.013288,2.062877,0.43996,0.403238,4.160877,1.429799,1.804761,2.147873,2.382875,2.554543,345.56,POST_INTERVENTION,36NXF,135.0,05.09,,,,,,,,,
2023-05-21,sentinel2,20230521T074611_20230521T080451_T36NXF,POST,0.0,2.243085,0.710484,0.090898,0.24102,0.892525,0.591693,0.662051,0.724662,0.775302,0.810523,-0.635253,0.059985,-0.808354,-0.298052,-0.709129,-0.677711,-0.638758,-0.599626,-0.560706,0.223099,0.084927,-0.161784,0.484432,0.111441,0.170121,0.228523,0.283373,0.326125,-0.132959,0.091595,-0.412141,0.211864,-0.244169,-0.197207,-0.134823,-0.076208,-0.013773,2.021861,0.390894,0.445244,4.347291,1.460001,1.805017,2.101579,2.304413,2.445526,352.413,POST_INTERVENTION,36NXF,135.0,05.09,,,,,,,,,
2023-05-26,sentinel2,20230526T074619_20230526T080453_T36NXF,POST,0.0,14.324246,0.708152,0.072389,0.31439,0.868362,0.611476,0.670062,0.720754,0.759606,0.786995,-0.623955,0.0519,-0.774003,-0.339235,-0.688435,-0.659183,-0.626014,-0.590858,-0.557617,0.262502,0.071252,-0.053205,0.47989,0.169894,0.220583,0.267453,0.314445,0.345767,-0.178544,0.075873,-0.39755,0.135257,-0.271538,-0.232365,-0.185682,-0.134795,-0.080226,2.301988,0.353344,0.656417,5.80089,1.829029,2.140479,2.3906,2.547078,2.671898,316.001,POST_INTERVENTION,36NXF,135.0,05.09,,,,,,,,,
2023-06-01,viirs,20230601,POST,0.0,,,,,,,,,,,,,,,,,,,,,,,,,,,,,,,,,,,,,,,,,,,,,,,238.779,POST_INTERVENTION,,,,0.846064,0.281122,0.49,1.63,0.63,0.75,0.81,0.87,1.28
2023-06-15,sentinel2,20230615T074619_20230615T080200_T36NXF,POST,27.81,25.208652,0.664336,0.093762,0.210614,0.847271,0.545115,0.62312,0.68165,0.72463,0.763573,-0.60398,0.072713,-0.790599,-0.20213,-0.681499,-0.650349,-0.611382,-0.572352,-0.525199,0.236504,0.080099,-0.188635,0.472233,0.142777,0.193409,0.240332,0.287011,0.330195,-0.141983,0.081191,-0.399155,0.233754,-0.240417,-0.193244,-0.146488,-0.095661,-0.04501,1.86731,13.703817,-1107.5,83.589744,2.121812,2.121812,2.121812,2.121812,2.121812,249.025,POST_INTERVENTION,36NXF,135.0,05.09,,,,,,,,,
2023-06-25,sentinel2,20230625T074619_20230625T080453_T36NXF,POST,3.08,45.391417,0.714907,0.102124,0.243934,0.923534,0.579895,0.666128,0.732508,0.787129,0.830192,-0.641572,0.082519,-0.859117,-0.224217,-0.736238,-0.693353,-0.650353,-0.60356,-0.541115,0.255721,0.083964,-0.15582,0.553714,0.154305,0.205062,0.259691,0.314409,0.357372,-0.16415,0.090282,-0.465644,0.219304,-0.27933,-0.22476,-0.165873,-0.107355,-0.052645,2.051206,12.20118,-1027.857143,365.394737,2.157501,2.157501,2.157501,2.157501,2.157501,190.995,POST_INTERVENTION,36NXF,135.0,05.09,,,,,,,,,
2023-07-01,viirs,20230701,POST,0.0,,,,,,,,,,,,,,,,,,,,,,,,,,,,,,,,,,,,,,,,,,,,,,,187.616,POST_INTERVENTION,,,,0.846531,0.316744,0.56,1.78,0.6,0.69,0.83,1.0,1.09
2023-07-05,sentinel2,20230705T074619_20230705T080454_T36NXF,POST,0.0,33.113235,0.687065,0.098355,0.227496,0.898238,0.556871,0.634775,0.701289,0.75584,0.802586,-0.627409,0.066838,-0.839673,-0.322964,-0.708818,-0.66996,-0.627002,-0.587849,-0.545064,0.203664,0.095067,-0.266458,0.502734,0.08391,0.146745,0.209152,0.267551,0.318288,-0.116299,0.098967,-0.431758,0.295922,-0.23632,-0.18182,-0.119195,-0.056567,0.00973,2.008952,0.453255,0.324709,13.813025,1.408649,1.781539,2.09448,2.2798,2.467825,183.543,POST_INTERVENTION,36NXF,135.0,05.09,,,,,,,,,
2023-07-15,sentinel2,20230715T074619_20230715T080454_T36NXF,POST,0.0,7.216804,0.658086,0.106781,0.221193,0.882648,0.513648,0.59955,0.673806,0.732415,0.783215,-0.61777,0.067963,-0.835276,-0.332582,-0.701103,-0.662023,-0.61924,-0.576289,-0.532975,0.18442,0.095911,-0.209923,0.483109,0.064737,0.126923,0.18953,0.24808,0.302716,-0.094728,0.101184,-0.413694,0.249692,-0.220651,-0.162154,-0.099766,-0.029259,0.037238,1.771446,0.421376,0.364371,5.404214,1.172154,1.51528,1.827666,2.077157,2.265593,124.714,POST_INTERVENTION,36NXF,135.0,05.09,,,,,,,,,
2023-07-20,sentinel2,20230720T074621_20230720T080453_T36NXF,POST,26.33,41.03772,0.495672,0.115954,0.18903,0.843871,0.365386,0.400453,0.474836,0.580462,0.66585,-0.475238,0.102898,-0.754618,-0.274906,-0.620074,-0.557801,-0.463978,-0.385748,-0.348621,0.143546,0.066813,-0.13145,0.420784,0.076227,0.103645,0.130907,0.181529,0.240302,-0.053875,0.064232,-0.315217,0.234949,-0.134668,-0.08402,-0.048665,-0.017667,0.017384,1.743242,27.795201,-1873.333333,217.592593,2.244802,2.244802,2.244802,2.244802,2.244802,91.646,POST_INTERVENTION,36NXF,135.0,05.09,,,,,,,,,
2023-08-01,viirs,20230801,POST,0.0,,,,,,,,,,,,,,,,,,,,,,,,,,,,,,,,,,,,,,,,,,,,,,,53.643,POST_INTERVENTION,,,,0.857441,0.284761,0.42,1.61,0.59,0.67,0.86,0.94,1.38
2023-08-04,sentinel2,20230804T074619_20230804T080453_T36NXF,POST,0.16,33.234227,0.578428,0.127693,0.142149,0.865788,0.400174,0.494237,0.591853,0.673802,0.736493,-0.56733,0.07847,-0.825257,-0.302399,-0.666038,-0.619151,-0.568277,-0.517688,-0.462953,0.117087,0.108015,-0.26028,0.461252,-0.025334,0.048825,0.122934,0.189468,0.248279,-0.023366,0.108479,-0.380363,0.29861,-0.158213,-0.099546,-0.025357,0.048876,0.119153,1.570922,0.607496,0.203352,23.243243,0.93743,1.185971,1.564764,1.93566,2.185374,66.589,POST_INTERVENTION,36NXF,135.0,05.09,,,,,,,,,
2023-08-14,sentinel2,20230814T074619_20230814T080122_T36NXF,POST,0.0,1.603123,0.552241,0.135769,0.156867,0.83132,0.357279,0.458934,0.572169,0.658031,0.716741,-0.543554,0.081777,-0.761677,-0.298507,-0.645463,-0.602543,-0.549746,-0.489338,-0.428639,0.077367,0.120162,-0.304153,0.431287,-0.088099,-0.002041,0.084036,0.162143,0.224554,0.002088,0.115909,-0.343953,0.301427,-0.146302,-0.080193,-0.001964,0.08377,0.16213,1.597411,0.565725,0.237942,4.244116,0.828959,1.140156,1.608823,2.046487,2.327996,84.45,POST_INTERVENTION,36NXF,135.0,05.09,,,,,,,,,
2023-08-19,sentinel2,20230819T074621_20230819T080821_T36NXF,POST,0.0,15.997903,0.523916,0.151676,0.142271,0.848686,0.302925,0.408325,0.537337,0.646487,0.713121,-0.536209,0.09323,-0.789768,-0.301435,-0.651431,-0.604478,-0.543955,-0.469649,-0.401436,0.038176,0.12347,-0.341973,0.423061,-0.130706,-0.04885,0.044956,0.126737,0.193237,0.044904,0.118016,-0.345101,0.362214,-0.107518,-0.04095,0.045055,0.13473,0.205084,1.316418,0.515177,0.208246,3.557892,0.631689,0.898755,1.304298,1.725899,2.0229,98.353,POST_INTERVENTION,36NXF,135.0,05.09,,,,,,,,,
2023-08-24,sentinel2,20230824T074619_20230824T075932_T36NXF,POST,0.0,0.746235,0.477372,0.146102,0.138961,0.830073,0.275609,0.365176,0.478622,0.591663,0.669889,-0.50903,0.092089,-0.777417,-0.283181,-0.624076,-0.575154,-0.514679,-0.442408,-0.37982,0.002141,0.117886,-0.30399,0.416937,-0.154404,-0.080141,0.001827,0.083914,0.154113,0.075998,0.109355,-0.337894,0.309655,-0.068259,0.001873,0.084016,0.158154,0.216802,1.242607,0.525469,0.207273,2.807018,0.602027,0.820062,1.18023,1.616886,2.007887,86.158,POST_INTERVENTION,36NXF,135.0,05.09,,,,,,,,,
2023-08-29,sentinel2,20230829T074621_20230829T080816_T36NXF,POST,0.0,3.833859,0.532647,0.139012,0.18063,0.862707,0.334133,0.431631,0.541027,0.638468,0.708827,-0.548752,0.080797,-0.810076,-0.271557,-0.65433,-0.603487,-0.548872,-0.490288,-0.439414,0.065335,0.115242,-0.282425,0.439633,-0.091935,-0.013627,0.072467,0.146423,0.205056,0.034477,0.115458,-0.355009,0.313931,-0.111268,-0.048746,0.033215,0.119106,0.193246,1.222858,0.443764,0.239945,3.601272,0.647393,0.867818,1.21185,1.555478,1.83643,118.386,POST_INTERVENTION,36NXF,135.0,05.09,,,,,,,,,
2023-09-01,viirs,20230901,POST,0.0,,,,,,,,,,,,,,,,,,,,,,,,,,,,,,,,,,,,,,,,,,,,,,,100.028,POST_INTERVENTION,,,,0.833611,0.270481,0.5,1.65,0.6,0.72,0.79,0.89,1.18
2023-09-03,sentinel2,20230903T074619_20230903T080037_T36NXF,POST,0.0,0.519846,0.501939,0.132901,0.175746,0.832248,0.314443,0.396418,0.510003,0.607382,0.669863,-0.529982,0.081284,-0.784298,-0.326278,-0.631873,-0.58686,-0.534113,-0.469742,-0.416949,0.012671,0.113412,-0.276353,0.42116,-0.13873,-0.07225,0.013695,0.091666,0.154226,0.057056,0.106782,-0.341084,0.291434,-0.080074,-0.017764,0.060549,0.138487,0.197294,1.217518,0.444165,0.259019,2.742765,0.647917,0.867081,1.19489,1.555227,1.836489,100.028,POST_INTERVENTION,36NXF,135.0,05.11,,,,,,,,,
2023-09-08,sentinel2,20230908T074621_20230908T080903_T36NXF,POST,0.0,1.075159,0.543668,0.141393,0.146554,0.89011,0.341683,0.44321,0.556571,0.650471,0.720624,-0.550564,0.08288,-0.830005,-0.277416,-0.654086,-0.60345,-0.552781,-0.490216,-0.439565,0.059751,0.111372,-0.283819,0.439409,-0.091572,-0.017591,0.064356,0.138597,0.193729,0.03529,0.111704,-0.360812,0.308024,-0.103526,-0.044911,0.033189,0.119209,0.18556,1.3027,0.465472,0.202528,4.714741,0.671291,0.953225,1.328563,1.640934,1.921312,129.475,POST_INTERVENTION,36NXF,135.0,05.09,,,,,,,,,
2023-09-13,sentinel2,20230913T074619_20230913T080036_T36NXF,POST,0.0,1.084542,0.55399,0.135219,0.156939,0.876993,0.365422,0.458981,0.568391,0.654213,0.72074,-0.550892,0.080788,-0.817501,-0.318932,-0.65136,-0.606366,-0.553752,-0.495126,-0.442438,0.060859,0.108505,-0.274539,0.443909,-0.080013,-0.013759,0.06438,0.138564,0.193191,0.022024,0.107474,-0.371349,0.299464,-0.111153,-0.052765,0.021461,0.099624,0.165979,1.477168,0.507576,0.223182,4.330239,0.797666,1.109403,1.515829,1.859317,2.14048,140.281,POST_INTERVENTION,36NXF,135.0,05.09,,,,,,,,,
2023-09-23,sentinel2,20230923T074629_20230923T080452_T36NXF,POST,13.04,8.709036,0.577681,0.125549,0.122469,0.86985,0.40815,0.494002,0.591804,0.669714,0.728483,-0.554254,0.08266,-0.804098,-0.118263,-0.650465,-0.607521,-0.560602,-0.505895,-0.454593,0.103024,0.101808,-0.225658,0.436918,-0.033216,0.033305,0.107422,0.173804,0.228365,-0.025241,0.10137,-0.375482,0.263862,-0.150526,-0.095762,-0.025188,0.044954,0.111217,1.810052,5.965019,-102.560976,458.25,1.726543,1.726543,1.726543,1.726543,1.726543,204.044,POST_INTERVENTION,36NXF,135.0,05.09,,,,,,,,,
2023-10-01,viirs,20231001,POST,0.0,,,,,,,,,,,,,,,,,,,,,,,,,,,,,,,,,,,,,,,,,,,,,,,196.142,POST_INTERVENTION,,,,0.705372,0.259659,0.53,1.44,0.54,0.59,0.62,0.78,1.03
2023-10-03,sentinel2,20231003T074739_20231003T080449_T36NXF,POST,0.0,7.525539,0.614213,0.106822,0.221845,0.869861,0.466588,0.548739,0.626991,0.693411,0.744031,-0.580723,0.065782,-0.805094,-0.313865,-0.663115,-0.62397,-0.581037,-0.538125,-0.497237,0.133982,0.088853,-0.205808,0.440065,0.01773,0.076258,0.138732,0.193206,0.244165,-0.052132,0.091945,-0.37001,0.237532,-0.165867,-0.115319,-0.052765,0.009692,0.068147,1.702188,0.441979,0.336599,4.18608,1.085622,1.414716,1.742722,2.022989,2.241714,212.983,POST_INTERVENTION,36NXF,135.0,05.09,,,,,,,,,
2023-10-08,sentinel2,20231008T074811_20231008T080656_T36NXF,POST,0.0,12.865058,0.599675,0.112761,0.193468,0.877314,0.443413,0.529331,0.607495,0.68169,0.740309,-0.573106,0.071675,-0.821419,-0.295601,-0.662006,-0.61918,-0.572261,-0.525562,-0.482533,0.116574,0.088998,-0.205083,0.430959,0.002081,0.056561,0.119188,0.177671,0.228565,-0.023755,0.090125,-0.348846,0.249125,-0.138675,-0.083766,-0.021435,0.041013,0.091859,1.533153,0.404933,0.278122,3.612044,0.976436,1.258111,1.570165,1.836356,2.039787,177.494,POST_INTERVENTION,36NXF,135.0,05.09,,,,,,,,,
2023-10-13,sentinel2,20231013T074849_20231013T080451_T36NXF,POST,0.0,3.881503,0.665031,0.09508,0.211652,0.897721,0.537325,0.611218,0.67399,0.73238,0.779137,-0.61019,0.061667,-0.832036,-0.309967,-0.689461,-0.650424,-0.607399,-0.572235,-0.536991,0.172616,0.081584,-0.144833,0.457041,0.072389,0.123191,0.173792,0.224643,0.271302,-0.089902,0.087485,-0.394151,0.204954,-0.197228,-0.146452,-0.091815,-0.033169,0.02135,1.855225,0.403153,0.308628,4.591176,1.296666,1.60866,1.890765,2.140599,2.329114,211.709,POST_INTERVENTION,36NXF,135.0,05.09,,,,,,,,,
2023-10-18,sentinel2,20231018T074921_20231018T080658_T36NXF,POST,28.48,29.893327,0.654151,0.124218,0.183341,0.918069,0.478476,0.595588,0.677671,0.740151,0.787076,-0.591164,0.0973,-0.854102,-0.178457,-0.693257,-0.650349,-0.607431,-0.556635,-0.474641,0.201096,0.077689,-0.079709,0.465583,0.103534,0.154506,0.20105,0.251957,0.294679,-0.108107,0.084323,-0.432313,0.196119,-0.208916,-0.162004,-0.107444,-0.056806,-0.002066,1.855908,17.304625,-1205.555556,164.183673,1.967115,1.967115,1.967115,1.967115,1.967115,231.859,POST_INTERVENTION,36NXF,135.0,05.09,,,,,,,,,
2023-10-23,sentinel2,20231023T074959_20231023T080451_T36NXF,POST,0.0,14.574063,0.684078,0.089798,0.232043,0.897712,0.56848,0.630913,0.69323,0.748139,0.790941,-0.622657,0.060811,-0.83546,-0.312695,-0.701188,-0.662063,-0.623089,-0.584061,-0.548869,0.198164,0.076805,-0.122552,0.457387,0.103432,0.150347,0.201085,0.247961,0.291044,-0.115487,0.083005,-0.398322,0.185059,-0.216672,-0.169925,-0.115311,-0.060567,-0.013743,1.915407,0.374629,0.349865,4.669536,1.390694,1.70331,1.953546,2.172166,2.357634,280.889,POST_INTERVENTION,36NXF,135.0,05.09,,,,,,,,,
2023-11-01,viirs,20231101,POST,0.0,,,,,,,,,,,,,,,,,,,,,,,,,,,,,,,,,,,,,,,,,,,,,,,291.17,POST_INTERVENTION,,,,0.89496,0.33061,0.57,1.88,0.6,0.71,0.91,0.99,1.2
2023-12-01,viirs,20231201,POST,0.0,,,,,,,,,,,,,,,,,,,,,,,,,,,,,,,,,,,,,,,,,,,,,,,238.982,POST_INTERVENTION,,,,,,,,,,,,
2023-12-02,sentinel2,20231202T075209_20231202T080446_T36NXF,POST,0.0,15.555051,0.675212,0.081652,0.251247,0.871328,0.568515,0.627108,0.681606,0.732442,0.771316,-0.606193,0.056341,-0.790065,-0.320482,-0.676757,-0.643421,-0.606444,-0.571192,-0.536203,0.211434,0.079827,-0.204772,0.480962,0.11534,0.162236,0.212875,0.263677,0.306813,-0.129493,0.082684,-0.433109,0.238258,-0.232323,-0.185664,-0.131013,-0.076312,-0.025515,2.15644,0.399346,0.505711,5.247748,1.610388,1.922135,2.203016,2.422604,2.608718,233.962,POST_INTERVENTION,36NXF,135.0,05.09,,,,,,,,,
2023-12-07,sentinel2,20231207T075311_20231207T080537_T36NXF,POST,0.0,9.004801,0.699165,0.082077,0.243833,0.884733,0.59567,0.654396,0.708944,0.755858,0.794712,-0.620957,0.057608,-0.806222,-0.293529,-0.693243,-0.658156,-0.619316,-0.583994,-0.548823,0.233485,0.07689,-0.170377,0.512704,0.138623,0.189528,0.236141,0.28333,0.326152,-0.144431,0.083043,-0.442751,0.215627,-0.244335,-0.197327,-0.146384,-0.095855,-0.040948,2.035517,0.350758,0.433938,5.607708,1.578988,1.827789,2.077886,2.264938,2.452087,213.411,POST_INTERVENTION,36NXF,135.0,05.09,,,,,,,,,
2023-12-17,sentinel2,20231217T075331_20231217T080554_T36NXF,POST,0.0,1.416233,0.686325,0.093832,0.229873,0.888811,0.564401,0.634798,0.70123,0.75196,0.795066,-0.622057,0.062086,-0.814931,-0.322843,-0.70019,-0.663066,-0.622126,-0.585058,-0.545922,0.200153,0.086348,-0.219408,0.492563,0.095808,0.150431,0.205063,0.255895,0.302673,-0.111869,0.091039,-0.431144,0.268355,-0.220671,-0.169893,-0.115245,-0.056573,-0.001955,1.871775,0.368956,0.333774,4.018101,1.382864,1.648708,1.913932,2.133117,2.304301,153.473,POST_INTERVENTION,36NXF,135.0,05.10,,,,,,,,,
2023-12-22,sentinel2,20231222T075239_20231222T080508_T36NXF,POST,0.0,5.111947,0.661875,0.096925,0.234871,0.87698,0.536967,0.607582,0.673817,0.728568,0.775404,-0.614032,0.06228,-0.810536,-0.339112,-0.692338,-0.655234,-0.61626,-0.577179,-0.536098,0.170756,0.092556,-0.213152,0.485368,0.056688,0.115115,0.173899,0.22854,0.283225,-0.097033,0.094405,-0.433128,0.25091,-0.212853,-0.158129,-0.099714,-0.037032,0.021501,1.913747,0.418285,0.384875,4.15276,1.351722,1.663873,1.945463,2.211218,2.428701,124.412,POST_INTERVENTION,36NXF,135.0,05.10,,,,,,,,,
2024-01-01,viirs,20240101,POST,0.0,,,,,,,,,,,,,,,,,,,,,,,,,,,,,,,,,,,,,,,,,,,,,,,116.241,POST_INTERVENTION,,,,0.51546,0.201651,0.33,1.23,0.39,0.4,0.49,0.61,0.76
2024-01-06,sentinel2,20240106T075321_20240106T080543_T36NXF,POST,7.56,11.536073,0.633362,0.091477,0.239845,0.826572,0.506011,0.587915,0.650416,0.697232,0.736372,-0.575443,0.069196,-0.741838,-0.248499,-0.651374,-0.620082,-0.584966,-0.543852,-0.489288,0.185857,0.082845,-0.167708,0.464764,0.087998,0.142506,0.185463,0.236283,0.283359,-0.09692,0.083429,-0.383712,0.23561,-0.201039,-0.150475,-0.09952,-0.048988,0.001818,2.142972,9.6969,-394.444444,611.25,2.116287,2.116287,2.116287,2.116287,2.116287,123.94,POST_INTERVENTION,36NXF,135.0,05.10,,,,,,,,,
2024-01-26,sentinel2,20240126T075211_20240126T080433_T36NXF,POST,8.35,13.492215,0.664783,0.106662,0.185058,0.857271,0.517513,0.615358,0.685465,0.740333,0.779212,-0.599793,0.072439,-0.784589,-0.169259,-0.681684,-0.646586,-0.60744,-0.564416,-0.513774,0.183413,0.088281,-0.237461,0.474484,0.076371,0.138634,0.189465,0.240045,0.283218,-0.090971,0.092484,-0.37843,0.262105,-0.200978,-0.150378,-0.099576,-0.041125,0.025424,1.95049,2.409698,-74.029851,158.363636,1.673822,1.673822,1.673822,2.214164,2.214164,175.556,POST_INTERVENTION,36NXF,135.0,05.10,,,,,,,,,
2024-01-31,sentinel2,20240131T075049_20240131T080446_T36NXF,POST,0.01,16.32769,0.61106,0.092066,0.223596,0.792593,0.486274,0.568269,0.630916,0.677726,0.708742,-0.56613,0.056999,-0.722762,-0.325873,-0.633936,-0.604434,-0.571284,-0.536143,-0.491069,0.151708,0.092359,-0.225008,0.431275,0.033143,0.10345,0.162075,0.212874,0.255927,-0.071644,0.089534,-0.331427,0.249196,-0.177681,-0.130836,-0.080081,-0.021373,0.048934,2.041311,0.468649,0.406921,3.347826,1.383581,1.773195,2.117115,2.382078,2.57067,166.7,POST_INTERVENTION,36NXF,135.0,05.10,,,,,,,,,
2024-02-01,viirs,20240201,POST,0.0,,,,,,,,,,,,,,,,,,,,,,,,,,,,,,,,,,,,,,,,,,,,,,,165.751,POST_INTERVENTION,,,,0.850052,0.266325,0.47,1.61,0.64,0.72,0.81,0.97,1.17
2024-02-20,sentinel2,20240220T074949_20240220T080450_T36NXF,POST,0.0,13.910446,0.621094,0.120555,0.192757,0.859055,0.443129,0.553006,0.642591,0.708946,0.759758,-0.585843,0.07807,-0.794474,-0.289263,-0.677624,-0.638672,-0.595566,-0.540919,-0.478881,0.143496,0.102211,-0.276725,0.429341,0.005884,0.083892,0.154269,0.216899,0.263672,-0.059127,0.102338,-0.36118,0.287796,-0.181408,-0.130855,-0.068305,0.005889,0.08006,1.78257,0.83056,-17.433628,40.472973,1.129607,1.383299,1.8788,2.116962,2.349264,170.94,POST_INTERVENTION,36NXF,135.0,05.10,,,,,,,,,
2024-03-01,sentinel2,20240301T074839_20240301T080447_T36NXF,POST,34.59,57.134128,0.539895,0.10907,0.196665,0.830992,0.40029,0.45517,0.540917,0.619081,0.68179,-0.506646,0.08448,-0.766166,-0.290996,-0.61821,-0.567429,-0.508805,-0.438514,-0.393464,0.137524,0.07163,-0.15008,0.375659,0.04532,0.099691,0.142393,0.181717,0.220445,-0.05719,0.070824,-0.286603,0.224156,-0.138863,-0.103479,-0.064452,-0.021684,0.033279,2.352239,6.445662,-230.775862,210.080645,1.516405,1.516405,2.594997,2.594997,2.594997,182.64,POST_INTERVENTION,36NXF,135.0,05.10,,,,,,,,,
2024-03-01,viirs,20240301,POST,0.0,,,,,,,,,,,,,,,,,,,,,,,,,,,,,,,,,,,,,,,,,,,,,,,182.64,POST_INTERVENTION,,,,0.820277,0.39456,0.52,2.39,0.52,0.64,0.83,0.94,1.25
2024-03-06,sentinel2,20240306T074801_20240306T080450_T36NXF,POST,23.31,31.769428,0.619726,0.140565,0.177118,0.891754,0.408399,0.541056,0.650593,0.720726,0.779394,-0.570312,0.098467,-0.826539,-0.187834,-0.677502,-0.634735,-0.584017,-0.525267,-0.439555,0.165802,0.102738,-0.287655,0.468278,0.029427,0.107016,0.177605,0.23627,0.283169,-0.074088,0.108182,-0.385726,0.299342,-0.201179,-0.150265,-0.084035,-0.009761,0.072521,1.334177,47.973796,-4140.0,664.583333,1.918516,1.918516,1.918516,1.918516,1.918516,170.589,POST_INTERVENTION,36NXF,135.0,05.10,,,,,,,,,
2024-03-11,sentinel2,20240311T074719_20240311T080442_T36NXF,POST,0.0,5.477165,0.634004,0.121208,0.212747,0.876036,0.459141,0.564473,0.658263,0.720645,0.771363,-0.594989,0.070977,-0.808868,-0.28885,-0.681573,-0.64265,-0.599591,-0.552766,-0.498003,0.156252,0.103225,-0.224502,0.453292,0.01367,0.095703,0.170044,0.228516,0.275343,-0.079808,0.107877,-0.386359,0.234187,-0.208993,-0.154248,-0.091713,-0.009881,0.076191,1.792946,0.483131,0.321796,5.033064,1.108791,1.484343,1.859322,2.172194,2.358438,223.149,POST_INTERVENTION,36NXF,135.0,05.10,,,,,,,,,
2024-03-16,sentinel2,20240316T074651_20240316T080447_T36NXF,POST,0.0,1.789271,0.572303,0.134849,0.174157,0.847801,0.377032,0.482375,0.595569,0.673842,0.732341,-0.564245,0.083362,-0.786439,-0.304571,-0.665101,-0.624101,-0.573212,-0.510796,-0.446193,0.090771,0.108371,-0.246288,0.389653,-0.060642,0.021463,0.09954,0.166047,0.220591,-0.013199,0.106296,-0.310915,0.269214,-0.146647,-0.087894,-0.017739,0.064534,0.130845,1.425741,0.43732,0.243193,2.958705,0.804393,1.117243,1.460592,1.758103,1.975917,165.861,POST_INTERVENTION,36NXF,135.0,05.10,,,,,,,,,
2024-03-21,sentinel2,20240321T074609_20240321T080508_T36NXF,POST,34.8,11.771447,0.505663,0.114219,0.183757,0.766191,0.341766,0.42415,0.517427,0.59162,0.646398,-0.51443,0.073366,-0.715352,-0.295262,-0.60636,-0.56741,-0.520532,-0.463826,-0.411281,0.068888,0.091399,-0.229638,0.362313,-0.056232,0.005853,0.072301,0.134794,0.181742,-5.2e-05,0.08551,-0.28125,0.227007,-0.111331,-0.060597,-0.002157,0.060555,0.115018,1.4369,0.445702,0.293649,2.862662,0.851814,1.117555,1.445407,1.758329,2.00912,121.788,POST_INTERVENTION,36NXF,135.0,05.10,,,,,,,,,
2024-03-26,sentinel2,20240326T074611_20240326T080450_T36NXF,POST,19.01,60.361248,0.510149,0.148063,0.112169,0.868825,0.302875,0.400451,0.521536,0.623068,0.697176,-0.508612,0.106687,-0.804036,-0.094942,-0.634554,-0.583932,-0.52139,-0.439437,-0.361379,0.084258,0.101471,-0.287268,0.421127,-0.052611,0.025695,0.087903,0.150486,0.208833,0.012566,0.099897,-0.33026,0.315004,-0.111344,-0.052866,0.009851,0.076023,0.146225,1.620797,23.832666,-114.933333,2164.0,1.490705,1.490705,1.490705,1.490705,1.490705,117.235,POST_INTERVENTION,36NXF,135.0,05.10,,,,,,,,,
2024-04-01,viirs,20240401,POST,0.0,,,,,,,,,,,,,,,,,,,,,,,,,,,,,,,,,,,,,,,,,,,,,,,140.772,POST_INTERVENTION,,,,0.813891,0.358363,0.28,1.87,0.62,0.66,0.75,0.85,1.26
2024-04-05,sentinel2,20240405T074611_20240405T080446_T36NXF,POST,0.0,27.207845,0.577853,0.12108,0.157328,0.894523,0.415831,0.497997,0.583858,0.666131,0.728253,-0.555962,0.076414,-0.832913,-0.244802,-0.654239,-0.603416,-0.55274,-0.502117,-0.458862,0.127161,0.089063,-0.196035,0.426762,0.009697,0.068314,0.1347,0.189474,0.232249,-0.023946,0.092757,-0.338152,0.273955,-0.13482,-0.087714,-0.029422,0.037074,0.099611,1.502314,0.423792,0.206653,4.074074,0.913877,1.225463,1.539206,1.804934,2.007285,184.828,POST_INTERVENTION,36NXF,135.0,05.10,,,,,,,,,
2024-04-30,sentinel2,20240430T074609_20240430T080448_T36NXF,POST,0.0,4.290722,0.646413,0.121383,0.157,0.898295,0.482242,0.576031,0.662146,0.732509,0.786952,-0.602312,0.075784,-0.83134,-0.291929,-0.69326,-0.650464,-0.607486,-0.55675,-0.506031,0.145998,0.097993,-0.231343,0.466195,0.017639,0.084042,0.150498,0.21301,0.263686,-0.05471,0.1031,-0.395216,0.280469,-0.181773,-0.123011,-0.056684,0.01363,0.080158,1.79717,0.576582,-24.112903,15.215343,1.133936,1.381129,1.878755,2.122557,2.357776,330.98,POST_INTERVENTION,36NXF,135.0,05.10,,,,,,,,,
2024-05-01,viirs,20240501,POST,0.0,,,,,,,,,,,,,,,,,,,,,,,,,,,,,,,,,,,,,,,,,,,,,,,339.915,POST_INTERVENTION,,,,0.737957,0.328585,0.36,1.92,0.5,0.62,0.72,0.8,1.0
2024-05-30,sentinel2,20240530T074609_20240530T080924_T36NXF,POST,0.0,1.570695,0.688048,0.099246,0.194444,0.889931,0.556636,0.638804,0.705118,0.755823,0.79879,-0.634235,0.068155,-0.8277,-0.290211,-0.716723,-0.677746,-0.638632,-0.595857,-0.549057,0.209342,0.088179,-0.196383,0.46993,0.099863,0.161993,0.21678,0.267434,0.310454,-0.116142,0.092585,-0.393449,0.258025,-0.228493,-0.177591,-0.123082,-0.060584,0.00207,1.808596,0.351632,0.295784,4.012167,1.335811,1.617835,1.867621,2.054494,2.195102,272.61,POST_INTERVENTION,36NXF,135.0,05.10,,,,,,,,,
2024-06-04,sentinel2,20240604T074621_20240604T080444_T36NXF,POST,0.0,10.365122,0.66331,0.094554,0.198608,0.867146,0.537106,0.615124,0.677802,0.728601,0.767695,-0.61204,0.063782,-0.795014,-0.304086,-0.690483,-0.655362,-0.616187,-0.575128,-0.532184,0.194518,0.085884,-0.184888,0.459378,0.087914,0.146648,0.201127,0.251871,0.295009,-0.0898,0.0888,-0.360045,0.249125,-0.197287,-0.150317,-0.095769,-0.037126,0.021415,1.732627,0.341692,0.324141,3.330406,1.25831,1.538773,1.788811,1.97609,2.133306,223.269,POST_INTERVENTION,36NXF,135.0,05.10,,,,,,,,,
2024-06-04,viirs,20240604,POST,0.0,,,,,,,,,,,,,,,,,,,,,,,,,,,,,,,,,,,,,,,,,,,,,,,223.269,POST_INTERVENTION,,,,0.855628,0.331992,0.47,1.75,0.61,0.71,0.83,0.92,1.35
2024-06-19,sentinel2,20240619T074619_20240619T080451_T36NXF,POST,0.0,11.820479,0.648022,0.102205,0.194693,0.866638,0.517663,0.595802,0.662177,0.716826,0.763561,-0.602558,0.066664,-0.787664,-0.288914,-0.681853,-0.64633,-0.607429,-0.564474,-0.521465,0.16702,0.098363,-0.272456,0.487904,0.044893,0.111198,0.173782,0.228428,0.283079,-0.083869,0.098505,-0.41308,0.283671,-0.205259,-0.146457,-0.087804,-0.02551,0.040844,1.954805,0.457842,0.329256,5.307659,1.327077,1.672249,2.015363,2.265727,2.484968,135.184,POST_INTERVENTION,36NXF,135.0,05.10,,,,,,,,,
2024-07-01,viirs,20240701,POST,0.0,,,,,,,,,,,,,,,,,,,,,,,,,,,,,,,,,,,,,,,,,,,,,,,91.319,POST_INTERVENTION,,,,1.11931,0.364855,0.66,2.15,0.74,0.92,1.13,1.29,1.57
2024-07-04,sentinel2,20240704T074611_20240704T080445_T36NXF,POST,0.0,2.561129,0.598412,0.118207,0.169938,0.872014,0.439603,0.525378,0.60742,0.681535,0.740269,-0.583802,0.074382,-0.799883,-0.26219,-0.677789,-0.630945,-0.587945,-0.53699,-0.49036,0.103225,0.103725,-0.303329,0.462546,-0.025135,0.037336,0.103528,0.170025,0.228295,-0.009396,0.103252,-0.386544,0.31952,-0.138717,-0.076148,-0.005843,0.056591,0.118986,1.502913,0.427009,0.243684,3.278609,0.929948,1.211682,1.508251,1.819789,2.05457,103.612,POST_INTERVENTION,36NXF,135.0,05.10,,,,,,,,,
2024-07-09,sentinel2,20240709T074619_20240709T080451_T36NXF,POST,0.0,7.944761,0.58103,0.121648,0.180243,0.870948,0.419762,0.501879,0.587927,0.669869,0.732718,-0.57901,0.075754,-0.802411,-0.261819,-0.673603,-0.627002,-0.580095,-0.533316,-0.486418,0.079096,0.106915,-0.300054,0.478299,-0.048591,0.009851,0.076331,0.14648,0.212833,0.010666,0.105319,-0.396177,0.313944,-0.122851,-0.05272,0.017701,0.08009,0.138623,1.528397,0.475332,0.254614,3.339267,0.897869,1.179092,1.523112,1.882839,2.164062,82.411,POST_INTERVENTION,36NXF,135.0,05.10,,,,,,,,,
2024-07-14,sentinel2,20240714T074611_20240714T080734_T36NXF,POST,0.0,4.26257,0.555851,0.126836,0.163772,0.862605,0.388577,0.470687,0.564296,0.646535,0.716774,-0.559231,0.077983,-0.797521,-0.269832,-0.65846,-0.607411,-0.560461,-0.509845,-0.463013,0.056431,0.104674,-0.301944,0.452314,-0.068327,-0.013672,0.052699,0.123132,0.189527,0.0385,0.103125,-0.376135,0.322248,-0.095672,-0.025316,0.044939,0.111194,0.165814,1.377443,0.455873,0.243021,2.895492,0.773854,1.039828,1.367391,1.710885,1.992108,83.313,POST_INTERVENTION,36NXF,135.0,05.10,,,,,,,,,
2024-07-19,sentinel2,20240719T074619_20240719T080518_T36NXF,POST,0.08,10.769656,0.503424,0.115401,0.042837,0.804538,0.345736,0.416078,0.513667,0.587808,0.646355,-0.474957,0.103434,-0.73671,-0.03763,-0.595667,-0.548857,-0.490347,-0.404088,-0.322309,0.124593,0.088039,-0.187608,0.554286,0.017638,0.072389,0.123042,0.169864,0.224622,-0.043481,0.082783,-0.425314,0.242021,-0.138572,-0.087842,-0.049049,0.00977,0.064525,1.11367,123.399508,-7845.0,2838.333333,3.490601,3.490601,3.490601,3.490601,3.490601,97.689,POST_INTERVENTION,36NXF,135.0,05.10,,,,,,,,,
2024-07-24,sentinel2,20240724T074611_20240724T080618_T36NXF,POST,26.9,44.644383,0.589192,0.148582,0.130139,0.914286,0.376971,0.490218,0.603408,0.697683,0.767941,-0.569712,0.104789,-0.837905,-0.11663,-0.689455,-0.638649,-0.580174,-0.513748,-0.435548,0.093571,0.114629,-0.323511,0.474239,-0.052512,0.025409,0.095617,0.166153,0.232616,-0.000648,0.115886,-0.413368,0.35136,-0.142506,-0.072195,-0.002123,0.076033,0.146334,1.702565,10.806428,-79.50495,692.692308,1.544363,1.544363,1.544363,1.544363,1.544363,88.215,POST_INTERVENTION,36NXF,135.0,05.11,,,,,,,,,
2024-08-01,viirs,20240801,POST,0.0,,,,,,,,,,,,,,,,,,,,,,,,,,,,,,,,,,,,,,,,,,,,,,,89.802,POST_INTERVENTION,,,,1.173502,0.382931,0.71,2.2,0.75,0.93,1.08,1.39,1.7
2024-08-03,sentinel2,20240803T074611_20240803T080904_T36NXF,POST,0.0,30.555561,0.588437,0.123877,0.205487,0.876118,0.416215,0.505795,0.603471,0.677887,0.7362,-0.579187,0.077238,-0.818017,-0.295848,-0.677754,-0.630802,-0.579972,-0.525447,-0.478286,0.091569,0.101581,-0.266387,0.42626,-0.040983,0.025524,0.095828,0.162373,0.216683,0.007255,0.102811,-0.353114,0.327817,-0.122969,-0.064449,0.001926,0.079916,0.1425,1.413312,0.410253,0.265662,3.083663,0.835555,1.117077,1.445886,1.725998,1.929318,89.897,POST_INTERVENTION,36NXF,135.0,05.11,,,,,,,,,
2024-08-08,sentinel2,20240808T074619_20240808T080235_T36NXF,POST,0.0,7.826679,0.544768,0.127334,0.183562,0.832618,0.36116,0.455138,0.56054,0.642552,0.701028,-0.542534,0.077166,-0.7603,-0.293001,-0.637744,-0.598667,-0.547874,-0.491255,-0.434485,0.046366,0.11547,-0.295028,0.44779,-0.103579,-0.029263,0.044999,0.12684,0.189635,0.030937,0.109947,-0.359705,0.306963,-0.111065,-0.044776,0.03349,0.107433,0.177993,1.631134,0.578103,0.28472,4.084027,0.850906,1.180553,1.633148,2.071089,2.382225,102.513,POST_INTERVENTION,36NXF,135.0,05.11,,,,,,,,,
2024-08-13,sentinel2,20240813T074611_20240813T080642_T36NXF,POST,0.0,1.176058,0.552013,0.141349,0.156425,0.857458,0.345544,0.45113,0.568357,0.662219,0.724698,-0.557722,0.08452,-0.791422,-0.286778,-0.662218,-0.61925,-0.56446,-0.498119,-0.439368,0.04038,0.112749,-0.294793,0.430292,-0.107115,-0.033178,0.044874,0.119097,0.181689,0.048871,0.110377,-0.348646,0.318678,-0.091428,-0.029356,0.048918,0.126909,0.193362,1.342112,0.475292,0.211026,3.180685,0.680645,0.976297,1.351668,1.711012,1.96052,113.32,POST_INTERVENTION,36NXF,135.0,05.11,,,,,,,,,
2024-08-23,sentinel2,20240823T074611_20240823T080844_T36NXF,POST,0.0,6.219638,0.5575,0.149946,0.128512,0.884627,0.33799,0.45118,0.576245,0.673916,0.74012,-0.573487,0.089038,-0.815169,-0.269168,-0.685648,-0.634631,-0.580136,-0.513782,-0.451207,0.040996,0.121295,-0.392177,0.443657,-0.122768,-0.040912,0.04883,0.127004,0.189474,0.059601,0.120024,-0.361087,0.412975,-0.091919,-0.025363,0.056795,0.146342,0.224424,1.225428,0.448916,0.184028,2.833516,0.601286,0.867029,1.241738,1.57,1.804664,118.523,POST_INTERVENTION,36NXF,135.0,05.11,,,,,,,,,
2024-08-28,sentinel2,20240828T074609_20240828T080233_T36NXF,POST,0.0,7e-06,0.56683,0.132339,0.188519,0.850434,0.37691,0.474531,0.58401,0.665995,0.728501,-0.556462,0.077423,-0.776055,-0.3136,-0.653333,-0.610318,-0.561511,-0.502901,-0.450103,0.071664,0.108948,-0.29067,0.43222,-0.072313,0.002106,0.080219,0.146528,0.205114,0.006895,0.108204,-0.357355,0.29144,-0.126949,-0.068258,0.001888,0.084075,0.154188,1.608327,0.543018,0.275306,3.931298,0.852058,1.194964,1.633372,2.023473,2.305164,138.057,POST_INTERVENTION,36NXF,135.0,05.11,,,,,,,,,
2024-09-01,viirs,20240901,POST,0.0,,,,,,,,,,,,,,,,,,,,,,,,,,,,,,,,,,,,,,,,,,,,,,,133.031,POST_INTERVENTION,,,,0.962533,0.364844,0.61,1.87,0.71,0.75,0.86,1.04,1.44
2024-09-07,sentinel2,20240907T074619_20240907T080444_T36NXF,POST,0.3,40.986639,0.571831,0.132957,0.168406,0.856202,0.380741,0.482532,0.591888,0.673836,0.73251,-0.554486,0.085255,-0.775421,-0.216532,-0.658297,-0.615201,-0.564402,-0.501884,-0.439594,0.082275,0.110114,-0.288952,0.424307,-0.064291,0.017677,0.087967,0.158219,0.212775,-0.004084,0.108433,-0.40868,0.309992,-0.138641,-0.080213,-0.009781,0.068341,0.142824,1.707837,4.710102,-144.230769,207.162162,1.407369,1.407369,1.407369,2.298835,2.298835,132.482,POST_INTERVENTION,36NXF,135.0,05.11,,,,,,,,,
2024-09-12,sentinel2,20240912T080601_20240912T080707_T36NXF,POST,8.22,3.433479,0.513855,0.117095,0.15614,0.789701,0.349798,0.431313,0.525555,0.603565,0.658222,-0.508953,0.076832,-0.714358,-0.2002,-0.5995,-0.564422,-0.517615,-0.459062,-0.404291,0.05822,0.09702,-0.285965,0.375878,-0.068387,-0.001924,0.064537,0.126884,0.173754,0.024539,0.090604,-0.283714,0.285818,-0.087546,-0.03709,0.021504,0.087935,0.142536,1.390132,9.171907,-835.416667,55.380117,1.521123,1.521123,1.521123,1.521123,1.521123,135.573,POST_INTERVENTION,36NXF,135.0,05.11,,,,,,,,,
2024-09-17,sentinel2,20240917T074609_20240917T080302_T36NXF,POST,0.0,3.212209,0.538991,0.13661,0.15642,0.856457,0.345595,0.443445,0.552693,0.642657,0.708913,-0.53733,0.092946,-0.780144,-0.155935,-0.646552,-0.599571,-0.5489,-0.482484,-0.415885,0.054514,0.106636,-0.317199,0.430247,-0.080126,-0.009847,0.056696,0.126964,0.185491,0.023319,0.101667,-0.352461,0.328496,-0.107345,-0.044886,0.025386,0.087601,0.154228,0.818953,71.696534,-7305.0,100.763889,1.549922,1.549922,1.549922,1.549922,1.549922,121.642,POST_INTERVENTION,36NXF,135.0,05.11,,,,,,,,,
2024-09-22,sentinel2,20240922T074631_20240922T080448_T36NXF,POST,0.0,14.018121,0.570487,0.121721,0.164303,0.848964,0.404458,0.4942,0.583998,0.658169,0.717038,-0.556045,0.07394,-0.774624,-0.284418,-0.645656,-0.606459,-0.559599,-0.510798,-0.460082,0.078773,0.098007,-0.282381,0.384773,-0.044892,0.017485,0.083864,0.146606,0.197447,0.009091,0.096363,-0.295333,0.313924,-0.111271,-0.056583,0.005819,0.072219,0.134653,1.478174,0.445367,0.241696,3.45957,0.867929,1.164672,1.507519,1.804268,2.038723,168.871,POST_INTERVENTION,36NXF,135.0,05.11,,,,,,,,,
2024-09-27,sentinel2,20240927T074609_20240927T080448_T36NXF,POST,0.0,2.484395,0.594837,0.109017,0.189586,0.842629,0.447602,0.53314,0.611235,0.669737,0.724503,-0.566703,0.067401,-0.771413,-0.304791,-0.647538,-0.610356,-0.57133,-0.528309,-0.481303,0.10688,0.094064,-0.273781,0.403755,-0.013752,0.052757,0.115224,0.170074,0.220739,-0.025497,0.092407,-0.319423,0.292866,-0.138831,-0.08787,-0.029421,0.033274,0.09583,1.70556,0.453985,0.335568,3.44524,1.0546,1.413814,1.757801,2.038517,2.257311,173.923,POST_INTERVENTION,36NXF,135.0,05.11,,,,,,,,,
2024-10-01,viirs,20241001,POST,0.0,,,,,,,,,,,,,,,,,,,,,,,,,,,,,,,,,,,,,,,,,,,,,,,173.081,POST_INTERVENTION,,,,1.426002,0.726812,0.72,3.58,0.86,1.06,1.22,1.66,2.61
2024-10-02,sentinel2,20241002T074731_20241002T080448_T36NXF,POST,0.0,13.553821,0.638428,0.104354,0.181295,0.863022,0.501816,0.583853,0.654304,0.709089,0.759821,-0.592335,0.065911,-0.792359,-0.289987,-0.669824,-0.634671,-0.595583,-0.556586,-0.509769,0.160554,0.086503,-0.234652,0.408439,0.056747,0.115248,0.170031,0.220715,0.259722,-0.06749,0.089736,-0.317761,0.27907,-0.173903,-0.130941,-0.072222,-0.017543,0.048926,1.680671,0.384269,0.287723,3.509543,1.133609,1.461342,1.741648,1.96032,2.116602,180.916,POST_INTERVENTION,36NXF,135.0,05.11,,,,,,,,,
2024-10-07,sentinel2,20241007T074719_20241007T080449_T36NXF,POST,17.24,44.513234,0.580733,0.118655,0.183271,0.824686,0.404408,0.517696,0.599835,0.666247,0.716729,-0.545761,0.089898,-0.75806,-0.180177,-0.64264,-0.603724,-0.560606,-0.510051,-0.424291,0.135575,0.083263,-0.198402,0.390726,0.036959,0.087856,0.138594,0.189468,0.236418,-0.054061,0.081389,-0.306898,0.231983,-0.154424,-0.107592,-0.052794,-0.006011,0.044927,1.876309,4.403556,-203.467742,144.285714,1.577449,1.577449,1.577449,2.270096,2.270096,159.709,POST_INTERVENTION,36NXF,135.0,05.11,,,,,,,,,
2024-10-12,sentinel2,20241012T074841_20241012T080447_T36NXF,POST,9.11,20.468068,0.63749,0.105832,0.179302,0.839251,0.493911,0.587926,0.654371,0.7131,0.755785,-0.575063,0.075051,-0.760657,-0.195306,-0.658211,-0.62315,-0.584016,-0.541048,-0.482519,0.173836,0.087589,-0.255775,0.424886,0.068591,0.126812,0.181664,0.232307,0.275268,-0.090681,0.088524,-0.36036,0.283625,-0.197342,-0.150467,-0.095715,-0.041118,0.017733,2.153672,5.584778,-182.771084,317.567568,1.615415,1.615415,2.358347,2.358347,2.358347,162.379,POST_INTERVENTION,36NXF,135.0,05.11,,,,,,,,,
2024-10-17,sentinel2,20241017T074829_20241017T080449_T36NXF,POST,0.0,6.859519,0.687055,0.095946,0.207265,0.887548,0.564731,0.638582,0.701282,0.752026,0.794751,-0.620615,0.062078,-0.810788,-0.312642,-0.694169,-0.66118,-0.624065,-0.584951,-0.542103,0.190318,0.088136,-0.264098,0.458559,0.084007,0.146539,0.197267,0.247953,0.290855,-0.110859,0.091946,-0.383217,0.283856,-0.220775,-0.169914,-0.115346,-0.060422,0.005764,2.03779,0.413382,0.378906,5.228583,1.485054,1.827156,2.10996,2.327982,2.483873,176.035,POST_INTERVENTION,36NXF,135.0,05.11,,,,,,,,,
2024-10-22,sentinel2,20241022T074951_20241022T080449_T36NXF,POST,3.36,8.236592,0.683592,0.108251,0.191987,0.885362,0.541362,0.638727,0.705044,0.755846,0.794881,-0.614273,0.077704,-0.809493,-0.189847,-0.697158,-0.662214,-0.627003,-0.584174,-0.521558,0.208986,0.078838,-0.171915,0.431637,0.119198,0.165981,0.212918,0.259669,0.30274,-0.122383,0.08632,-0.377797,0.271584,-0.224648,-0.177783,-0.127021,-0.076194,-0.017372,1.935433,5.887504,-246.3,476.111111,1.908248,1.908248,1.908248,1.908248,1.908248,201.569,POST_INTERVENTION,36NXF,135.0,05.11,,,,,,,,,
2024-11-01,viirs,20241101,POST,0.0,,,,,,,,,,,,,,,,,,,,,,,,,,,,,,,,,,,,,,,,,,,,,,,202.026,POST_INTERVENTION,,,,1.18018,0.628528,0.47,3.19,0.73,0.86,1.0,1.44,1.64
2024-11-06,sentinel2,20241106T075019_20241106T080443_T36NXF,POST,0.0,53.748888,0.71011,0.094646,0.189471,0.91196,0.591721,0.662046,0.724525,0.775457,0.814348,-0.639223,0.069166,-0.860144,-0.22,-0.72067,-0.681554,-0.642467,-0.599595,-0.556737,0.260298,0.071683,-0.12523,0.462662,0.173775,0.220684,0.267586,0.306523,0.341904,-0.164167,0.080464,-0.391682,0.22815,-0.259854,-0.216765,-0.169888,-0.119172,-0.064495,1.869861,0.356702,0.320215,10.331731,1.469821,1.720097,1.906432,2.093246,2.217223,234.785,POST_INTERVENTION,36NXF,135.0,05.11,,,,,,,,,
2024-11-26,sentinel2,20241126T075159_20241126T080451_T36NXF,POST,12.31,13.441131,0.712235,0.097635,0.225822,0.920258,0.58799,0.662093,0.724668,0.779198,0.822229,-0.634837,0.069798,-0.839026,-0.295273,-0.716774,-0.67774,-0.638696,-0.595782,-0.552668,0.233677,0.080863,-0.178046,0.491992,0.134805,0.189244,0.236464,0.287112,0.329997,-0.147621,0.088563,-0.428507,0.228816,-0.255811,-0.205058,-0.150372,-0.091792,-0.037389,2.0515,7.503616,-586.136364,292.804878,2.064043,2.064043,2.064043,2.064043,2.064043,288.381,POST_INTERVENTION,36NXF,135.0,05.11,,,,,,,,,
2024-12-01,sentinel2,20241201T075301_20241201T080529_T36NXF,POST,10.77,37.331444,0.689609,0.097,0.244006,0.887846,0.56421,0.638831,0.705169,0.755903,0.79899,-0.614201,0.070926,-0.798111,-0.287404,-0.697327,-0.658219,-0.619218,-0.576194,-0.529346,0.233985,0.075682,-0.122244,0.483016,0.138874,0.189332,0.23629,0.283192,0.322117,-0.14337,0.082662,-0.402861,0.207291,-0.24415,-0.197174,-0.146483,-0.091854,-0.037227,2.130217,2.53473,-47.393822,157.247191,1.711733,1.711733,2.273189,2.273189,2.273189,349.878,POST_INTERVENTION,36NXF,135.0,05.11,,,,,,,,,
2024-12-01,viirs,20241201,POST,0.0,,,,,,,,,,,,,,,,,,,,,,,,,,,,,,,,,,,,,,,,,,,,,,,349.878,POST_INTERVENTION,,,,1.245666,0.774629,0.65,3.65,0.71,0.85,1.03,1.5,2.2
2024-12-06,sentinel2,20241206T075219_20241206T080449_T36NXF,POST,0.42,15.638933,0.68882,0.077778,0.274365,0.863287,0.587709,0.642582,0.697242,0.743959,0.77938,-0.614503,0.054208,-0.770323,-0.312164,-0.682563,-0.651404,-0.616231,-0.579146,-0.54585,0.241979,0.072978,-0.128308,0.482729,0.150468,0.197338,0.244062,0.29078,0.330236,-0.162217,0.077558,-0.407245,0.145787,-0.25958,-0.212823,-0.166085,-0.111363,-0.064348,2.259295,0.39483,0.538873,5.742358,1.735856,2.01563,2.29673,2.515833,2.703592,334.314,POST_INTERVENTION,36NXF,135.0,05.11,,,,,,,,,
2024-12-11,sentinel2,20241211T075331_20241211T080552_T36NXF,POST,0.0,3.419567,0.666796,0.090382,0.232765,0.870136,0.548986,0.611516,0.677724,0.732483,0.775382,-0.611205,0.059029,-0.78451,-0.301638,-0.684509,-0.651439,-0.614187,-0.573164,-0.536138,0.189685,0.083313,-0.186667,0.455886,0.083853,0.138792,0.193304,0.244074,0.295,-0.10277,0.087149,-0.379105,0.232278,-0.21269,-0.16209,-0.103427,-0.044854,0.00581,1.849145,0.37149,0.42032,3.629953,1.351638,1.601881,1.8825,2.116943,2.304253,301.106,POST_INTERVENTION,36NXF,135.0,05.11,,,,,,,,,
2024-12-11,sentinel2,20241211T075351_20241211T080434_T36NXF,POST,0.0,3.502201,0.668502,0.091143,0.23243,0.863899,0.548841,0.615197,0.677771,0.732474,0.775465,-0.612939,0.059867,-0.781818,-0.300936,-0.688451,-0.653308,-0.614292,-0.575285,-0.535973,0.192304,0.084766,-0.180624,0.464016,0.084137,0.138725,0.193309,0.248122,0.294984,-0.108078,0.088306,-0.388002,0.22109,-0.220537,-0.166,-0.107489,-0.048906,0.0017,1.864525,0.380116,0.381046,6.028916,1.359682,1.608938,1.890842,2.14127,2.327665,301.106,POST_INTERVENTION,36NXF,135.0,99.05,,,,,,,,,
